-- phpMyAdmin SQL Dump
-- version 4.0.4
-- http://www.phpmyadmin.net
--
-- Machine: 127.0.0.1
-- Genereertijd: 12 mei 2014 om 19:23
-- Serverversie: 5.5.32
-- PHP-versie: 5.4.16

SET SQL_MODE = "NO_AUTO_VALUE_ON_ZERO";
SET time_zone = "+00:00";


/*!40101 SET @OLD_CHARACTER_SET_CLIENT=@@CHARACTER_SET_CLIENT */;
/*!40101 SET @OLD_CHARACTER_SET_RESULTS=@@CHARACTER_SET_RESULTS */;
/*!40101 SET @OLD_COLLATION_CONNECTION=@@COLLATION_CONNECTION */;
/*!40101 SET NAMES utf8 */;

--
-- Databank: `phpproject`
--
CREATE DATABASE IF NOT EXISTS `opentable` DEFAULT CHARACTER SET latin1 COLLATE latin1_swedish_ci;
USE `opentable`;

-- --------------------------------------------------------

--
-- Tabelstructuur voor tabel `feedback`
--

CREATE TABLE IF NOT EXISTS `feedback` (
  `id` int(11) NOT NULL AUTO_INCREMENT,
  `feedback_name` varchar(120) NOT NULL,
  `feedback_message` longtext NOT NULL,
  `feedback_sort` varchar(10) NOT NULL,
  `restaurant_id` int(11) NOT NULL,
  PRIMARY KEY (`id`)
) ENGINE=InnoDB DEFAULT CHARSET=latin1 AUTO_INCREMENT=1 ;

-- --------------------------------------------------------

--
-- Tabelstructuur voor tabel `menu`
--

CREATE TABLE IF NOT EXISTS `menu` (
  `menu_id` int(11) NOT NULL AUTO_INCREMENT,
  `menu_name` longtext NOT NULL,
  `menu_description` longtext NOT NULL,
  `menu_price` int(11) NOT NULL,
  `menu_category` varchar(255) NOT NULL,
  `restaurant_id` int(11) NOT NULL,
  PRIMARY KEY (`menu_id`)
) ENGINE=InnoDB  DEFAULT CHARSET=latin1 AUTO_INCREMENT=23 ;

--
-- Gegevens worden uitgevoerd voor tabel `menu`
--

INSERT INTO `menu` (`menu_id`, `menu_name`, `menu_description`, `menu_price`, `menu_category`, `restaurant_id`) VALUES
(1, 'Balletjes', 'met tomatensaus', 500, 'hoofdgerecht', 25),
(2, 'Sloppy joe''s', 'Big piece of diabetes', 4, 'burgerSandwiches', 6),
(3, 'Balletjes', 'Big piece of diabetes', 500, 'kidsMenu', 3),
(4, 'Sloppy joe''s', 'Big piece of diabetes', 500, 'burgerSandwiches', 3),
(5, 'Balletjes', 'met tomatensaus', 500, 'beverages', 13),
(6, 'Sloppy joe''s', 'Big piece of diabetes', 4, 'burgerSandwiches', 5),
(7, 'Tomatensoep', 'soep', 12, 'soups', 23),
(8, 'Pizza 4 kazen', 'pizza met 4 soorten kaas', 18, 'pasta', 27),
(9, 'Pizza 4 kazen', 'pizza met 4 soorten kaas', 18, 'pasta', 27),
(10, 'Pizza 4 kazen', 'pizza met 4 soorten kaas', 18, 'pasta', 27),
(11, 'Pizza 4 kazen', 'pizza met 4 soorten kaas', 18, 'pasta', 27),
(12, 'Pizza 4 kazen', 'pizza met 4 soorten kaas', 18, 'pasta', 27),
(13, 'Pizza 4 kazen', 'pizza met 4 soorten kaas', 18, 'pasta', 27),
(14, 'Pizza 4 kazen', 'pizza met 4 soorten kaas', 18, 'pasta', 27),
(15, 'Pizza 4 kazen', 'pizza met 4 soorten kaas', 18, 'pasta', 27),
(16, 'Pizza 4 kazen', 'pizza met 4 soorten kaas', 18, 'pasta', 27),
(17, 'andere pasta', 'past', 82, 'pasta', 27),
(18, 'andere pasta', 'past', 52, 'pasta', 27),
(19, 'andere pasta', 'past', 52, 'pasta', 27),
(20, 'andere pasta', 'pastsodfkldsfk', 52, 'pasta', 27),
(21, 'Pita mix', 'vleesschotel', 16, 'ribSteaks', 24),
(22, 'grote-fietsen', 'flskdfj', 50, 'chicken', 24);

-- --------------------------------------------------------

--
-- Tabelstructuur voor tabel `openinghours`
--

CREATE TABLE IF NOT EXISTS `openinghours` (
  `opening_id` int(11) NOT NULL AUTO_INCREMENT,
  `opening_monday_from` time NOT NULL,
  `opening_monday_until` time NOT NULL,
  `opening_tuesday_from` time NOT NULL,
  `opening_tuesday_until` time NOT NULL,
  `opening_wednesday_from` time NOT NULL,
  `opening_wednesday_until` time NOT NULL,
  `opening_thursday_from` time NOT NULL,
  `opening_thursday_until` time NOT NULL,
  `opening_friday_from` time NOT NULL,
  `opening_friday_until` time NOT NULL,
  `opening_saturday_from` time NOT NULL,
  `opening_saturday_until` time NOT NULL,
  `opening_sunday_from` time NOT NULL,
  `opening_sunday_until` time NOT NULL,
  `opening_remarks` longtext NOT NULL,
  `restaurant_id` int(11) NOT NULL,
  PRIMARY KEY (`opening_id`)
) ENGINE=InnoDB  DEFAULT CHARSET=latin1 AUTO_INCREMENT=4 ;

--
-- Gegevens worden uitgevoerd voor tabel `openinghours`
--

INSERT INTO `openinghours` (`opening_id`, `opening_monday_from`, `opening_monday_until`, `opening_tuesday_from`, `opening_tuesday_until`, `opening_wednesday_from`, `opening_wednesday_until`, `opening_thursday_from`, `opening_thursday_until`, `opening_friday_from`, `opening_friday_until`, `opening_saturday_from`, `opening_saturday_until`, `opening_sunday_from`, `opening_sunday_until`, `opening_remarks`, `restaurant_id`) VALUES
(1, '00:00:00', '00:00:00', '00:00:00', '00:00:00', '00:00:00', '00:00:00', '00:00:00', '00:00:00', '00:00:00', '00:00:00', '00:00:00', '00:00:00', '00:00:00', '00:00:00', '', 24),
(2, '00:00:09', '00:00:18', '00:00:09', '00:00:18', '00:00:09', '00:00:18', '00:00:09', '00:00:18', '00:00:09', '00:00:18', '00:00:09', '00:00:18', '00:00:09', '00:00:18', '', 24),
(3, '00:00:09', '00:00:12', '00:00:09', '00:00:12', '00:00:09', '00:00:12', '00:00:09', '00:00:12', '00:00:09', '00:00:12', '00:00:09', '00:00:12', '00:00:09', '00:00:12', '', 27);

-- --------------------------------------------------------

--
-- Tabelstructuur voor tabel `order`
--

CREATE TABLE IF NOT EXISTS `order` (
  `order_id` int(11) NOT NULL AUTO_INCREMENT,
  `order_quantity` int(11) NOT NULL,
  `order_price` int(11) NOT NULL,
  `order_totalprice` int(11) NOT NULL,
  `menu_id` int(11) NOT NULL,
  `table_id` int(11) NOT NULL,
  PRIMARY KEY (`order_id`)
) ENGINE=InnoDB DEFAULT CHARSET=latin1 AUTO_INCREMENT=1 ;

-- --------------------------------------------------------

--
-- Tabelstructuur voor tabel `reservations`
--

CREATE TABLE IF NOT EXISTS `reservations` (
  `reservation_id` int(11) NOT NULL AUTO_INCREMENT,
  `reservation_name` varchar(255) NOT NULL,
  `reservation_number` int(11) NOT NULL,
  `reservation_day` int(11) NOT NULL,
  `reservation_hour` varchar(255) NOT NULL,
  `reservation_email` varchar(255) NOT NULL,
  `restaurant_id` int(11) NOT NULL,
  PRIMARY KEY (`reservation_id`)
) ENGINE=InnoDB  DEFAULT CHARSET=latin1 AUTO_INCREMENT=16 ;

--
-- Gegevens worden uitgevoerd voor tabel `reservations`
--

INSERT INTO `reservations` (`reservation_id`, `reservation_name`, `reservation_number`, `reservation_day`, `reservation_hour`, `reservation_email`, `restaurant_id`) VALUES
(8, 'kim', 7, 5, '18:00', 'KimberlyGS@hotmail.be', 0),
(9, 'Kimberly', 19, 5, '16:00', 'KimberlyGS@hotmail.be', 14),
(10, 'Kimberly', 4, 5, '18:00', 'KimberlyGS@hotmail.be', 23),
(11, 'dskf', 2, 5, '12.00', 'KimberlyGS@hotmail.be', 23),
(12, '', 0, 0, '', '', 27),
(13, '', 0, 0, '', '', 27),
(14, '', 0, 0, '', '', 27),
(15, '', 0, 0, '', '', 27);

-- --------------------------------------------------------

--
-- Tabelstructuur voor tabel `restaurant`
--

CREATE TABLE IF NOT EXISTS `restaurant` (
  `restaurant_id` int(11) NOT NULL AUTO_INCREMENT,
  `restaurant_name` varchar(255) NOT NULL,
  `restaurant_street` varchar(255) NOT NULL,
  `restaurant_number` int(6) NOT NULL,
  `restaurant_postalCode` int(6) NOT NULL,
  `restaurant_city` varchar(255) NOT NULL,
  `restaurant_type` varchar(100) NOT NULL,
  `restaurant_email` varchar(255) NOT NULL,
  `restaurant_website` varchar(255) NOT NULL,
  `restaurant_photoname` varchar(200) NOT NULL,
  `restaurant_photo` blob NOT NULL,
  `owner_id` int(11) NOT NULL,
  `menu_id` int(11) NOT NULL,
  `openingHours_id` int(11) NOT NULL,
  PRIMARY KEY (`restaurant_id`)
) ENGINE=InnoDB  DEFAULT CHARSET=latin1 AUTO_INCREMENT=31 ;

--
-- Gegevens worden uitgevoerd voor tabel `restaurant`
--

INSERT INTO `restaurant` (`restaurant_id`, `restaurant_name`, `restaurant_street`, `restaurant_number`, `restaurant_postalCode`, `restaurant_city`, `restaurant_type`, `restaurant_email`, `restaurant_website`, `restaurant_photoname`, `restaurant_photo`, `owner_id`, `menu_id`, `openingHours_id`) VALUES
(1, 'Segers', 'Em van der velde straat', 97, 2830, 'Willebroek', '', 'kimberlygs@hotmail.be', 'www.hallo.com', '', '', 0, 0, 0),
(2, 'Segers', 'Em van der velde straat', 97, 2830, 'Willebroek', '', 'kimberlygs@hotmail.be', 'www.hallo.com', '', '', 0, 0, 0),
(3, 'Pizza Hut', 'Markt', 3, 1840, 'Londerzeel', '', 'pizzahut@pizza.be', 'www.pizza.be', '', '', 25, 0, 0),
(4, 'burger', 'burger', 32, 1743, 'burger', '', 'burger@hotmail.com', 'www.burger.be', '', '', 25, 0, 0),
(5, 'Taco Bell', 'Chickens', 21, 4312, 'qebtrsgd', '', 'tacoballs@hotmail.com', 'www.tacoballs.be', '', '', 25, 0, 0),
(6, 'Pizza Hut', 'burger', 21, 1743, 'Coin', '', 'ebsdg@erqbf.com', 'www.wbtsg.gerf', '', '', 25, 0, 0),
(7, 'Pizza Hut', 'burger', 21, 1743, 'Coin', '', 'ebsdg@erqbf.com', 'www.wbtsg.gerf', '', '', 25, 0, 0),
(8, 'Pizza Hut', 'burger', 21, 1743, 'Coin', '', 'ebsdg@erqbf.com', 'www.wbtsg.gerf', '', '', 25, 0, 0),
(9, 'Pizza Hut', 'burger', 21, 1743, 'Coin', '', 'ebsdg@erqbf.com', 'www.wbtsg.gerf', '', '', 25, 0, 0),
(10, 'Pizza Hut', 'burger', 21, 1743, 'Coin', '', 'ebsdg@erqbf.com', 'www.wbtsg.gerf', '', '', 25, 0, 0),
(11, 'Pizza Hut', 'burger', 21, 1743, 'Coin', '', 'ebsdg@erqbf.com', 'www.wbtsg.gerf', '', '', 25, 0, 0),
(12, 'Pizza Hut', 'burger', 21, 1743, 'Coin', '', 'ebsdg@erqbf.com', 'www.wbtsg.gerf', '', '', 25, 0, 0),
(13, 'Pizza Hut', 'burger', 21, 1743, 'Coin', '', 'ebsdg@erqbf.com', 'www.wbtsg.gerf', '', '', 25, 0, 0),
(14, 'Big joe''s', 'Fancy street', 14, 4212, 'Joe Street', '', 'bigjoe@gmail.com', 'www.bigjoe.com', '', '', 25, 0, 0),
(15, 'Big joe''s', 'Fancy street', 14, 4212, 'Joe Street', '', 'bigjoe@gmail.com', 'www.bigjoe.com', '', '', 25, 0, 0),
(16, 'Big joe''s', 'Fancy street', 3, 1743, 'Joe Street', '', 'burger@hotmail.com', 'www.bigjoe.com', '', '', 25, 0, 0),
(17, 'Big joe''s', 'Fancy street', 3, 1743, 'Joe Street', '', 'burger@hotmail.com', 'www.bigjoe.com', '', '', 25, 0, 0),
(18, 'Big joe''s', 'Fancy street', 3, 1743, 'Joe Street', '', 'burger@hotmail.com', 'www.bigjoe.com', '', '', 25, 0, 0),
(19, 'Pizza Hut', 'Fancy street', 3, 4212, 'burger', '', 'pizzahut@pizza.be', 'www.tacoballs.be', '', '', 25, 0, 0),
(20, 'Pizza Hut', 'Fancy street', 3, 4212, 'burger', '', 'pizzahut@pizza.be', 'www.tacoballs.be', '', '', 25, 0, 0),
(21, 'New restaurant', 'Londerzeel', 13, 1840, 'Londerzeel', '', 'bigjoe@gmail.com', 'www.wbtsg.gerf', '', '', 25, 0, 0),
(22, 'New test restaurant', 'testing ', 33, 4325, 'Testing City', '', 'testingrestaurant@yahoo.com', 'www.testingrestaurant.com', '', '', 25, 0, 0);
INSERT INTO `restaurant` (`restaurant_id`, `restaurant_name`, `restaurant_street`, `restaurant_number`, `restaurant_postalCode`, `restaurant_city`, `restaurant_type`, `restaurant_email`, `restaurant_website`, `restaurant_photoname`, `restaurant_photo`, `owner_id`, `menu_id`, `openingHours_id`) VALUES
(24, 'TestKimberlyPHOTO', 'Emielvanderveldestraat ', 97, 2830, 'Willebroek', '', 'kimberlygs@hotmail.be', 'www.kimberly.be', '', 0x89504e470d0a1a0a0000000d49484452000003e8000000fa0802000000bd37fabe0000001974455874536f6674776172650041646f626520496d616765526561647971c9653c0000032269545874584d4c3a636f6d2e61646f62652e786d7000000000003c3f787061636b657420626567696e3d22efbbbf222069643d2257354d304d7043656869487a7265537a4e54637a6b633964223f3e203c783a786d706d65746120786d6c6e733a783d2261646f62653a6e733a6d6574612f2220783a786d70746b3d2241646f626520584d5020436f726520352e332d633031312036362e3134353636312c20323031322f30322f30362d31343a35363a32372020202020202020223e203c7264663a52444620786d6c6e733a7264663d22687474703a2f2f7777772e77332e6f72672f313939392f30322f32322d7264662d73796e7461782d6e7323223e203c7264663a4465736372697074696f6e207264663a61626f75743d222220786d6c6e733a786d703d22687474703a2f2f6e732e61646f62652e636f6d2f7861702f312e302f2220786d6c6e733a786d704d4d3d22687474703a2f2f6e732e61646f62652e636f6d2f7861702f312e302f6d6d2f2220786d6c6e733a73745265663d22687474703a2f2f6e732e61646f62652e636f6d2f7861702f312e302f73547970652f5265736f75726365526566232220786d703a43726561746f72546f6f6c3d2241646f62652050686f746f73686f7020435336202857696e646f7773292220786d704d4d3a496e7374616e636549443d22786d702e6969643a35343231354636384435464431314533383830313832323244394536363933392220786d704d4d3a446f63756d656e7449443d22786d702e6469643a3534323135463639443546443131453338383031383232324439453636393339223e203c786d704d4d3a4465726976656446726f6d2073745265663a696e7374616e636549443d22786d702e6969643a3534323135463636443546443131453338383031383232324439453636393339222073745265663a646f63756d656e7449443d22786d702e6469643a3534323135463637443546443131453338383031383232324439453636393339222f3e203c2f7264663a4465736372697074696f6e3e203c2f7264663a5244463e203c2f783a786d706d6574613e203c3f787061636b657420656e643d2272223f3e4b6110140003e6234944415478dab4bdeb62db3ab22c8c06295f9235b37f9fe7f91ee7bcfc9959491c5b24fa43dfbb4139ebb2671c45517c912512040ad5d555f07fffbfffd3fd63dbf89eff6ef119e0877a0f72bf41972f6dc0ff007d12a0d1dfd6e73f08744fffe72f6dfcf33b3fbb3ef5fc023f0f3fd62791e768f3839ea7a13c9e0f703ea65b43b9a7cfcb77ea77c85701f3ffd0ff6bdf3a7f9a3eda9007f3fbf9fbf4638c4177e7fc8be768f660fe3befc6d9c668f1b3f3ebf633433e10e507ce719ce37eccdb79bf1fc7313eeec7bcbdbf7fccdbdbcf8fb779ff71fcbc9feff7f131bff990df86f266f8e0d1037edce661daa1ed1bec1df6addd36b96f4f3bdc6efde9d6f91e9e6edb6deff3b6ef304fdac6f7f3f13c83db4ea7918e3bfd037cda400eb59d303fe4f6b9cee74bcecebc6f1de415a11c303b0b6dd011e4c34037baa3a38474a0861eaef900f57cc4b9e4838ffc6c7212e697e70118f21c7c3006f6019d8651df9a8ebb4ee388df5edfe7fbdae7add36de377b8810d577f7bfcee200d091b59f29ef937a30fb0788de503c047215e3fef5f5d3eec9b51bf1edf85cb53a517e4df563e975f7dfd1d2097853d99fec6666f5a472a9f9b39848f130f1a6ff3be9d73501f8d1ed03d1ec7fc0c0cfa3cd8a993137bd250a7e738e929ce39a63f8e79fba0fb730eebfb3b8df28f8ff9f9f3b8d3b3f30fcf01a3a7812fec261736404b871b6dccfbdb4d97a8de030fe1dbedb6df6ef35f9a70e89b915ecffc65c7fd7eff982f6b7e6a7ecbd3f3d3cbf3fc78923f4f2f37ba3deffbf37c866da7e7b86d3254ec78f189d059aafb44e7d7864c473e96603d2ff27ee434c495d41e0d0cf92f2ee711cae9b6b92a4f6a18bf063e197bd75f05bf787c1db131b1dac8f4effc6c78ffe1c847bbd4f5333c579ec33f6848f148a321769ee7719ce77dde1f67beddefe79c460ffac21c7bf3fb9acec33646e7bd5c003ce6e57cf139a47b9a0337bda7a96f93f9037cb6f0e5cd67443bd6bc4ad80c7f0ebd82e455eb85d578a6ee32724056b64d17507e387f074fb73c9183ac18fc66e7e5c663972fa3f70fbe7ae67a711ff77991cd374a1f7c8c7424c980ec00f9a0f3e902192034f6e664d9edddf1d4b8ef379d2079be049a476576942b91277c9bfeec9293d54daef8a10ff84c211f0d59ee78c5e317697f796ee06b922770f9474fb12cc5a06f41a7f24d1724fde0d70f5d660d3e8f74d8404f69abe3505eed3ae46cb0819e0a7dfa4daf697e72009f3191d76a79897c7af5f5daf8a79bac249d179ccdeefbe68ff543d7578634dd571f3dc8cd1e7459d231e610412c3209c5ab6afa321849d0611e3a20e848cbf0a069586e74d5ccb1c45fb5cb4a472d5d236dcc5f3627bb8dc003c83ab9f3aaae3040477dd7e570be48843904e675c60066d0f39f7c8ca08fbee3f6346ecf6d7feab7a7fd69cea64ff3cffe448fe70c3b471ca1904daeb44d409f9c4b3df67a1f13574ca5d80cd7d9d5d5ec5cd81f1dfe3e5ba11d40c18998e632fd164c2ba70cf0731e93a6f78c0f19d109d0433eb0c7bc1e2754fbf9f1f3ede78f1fef6f6fef3fe8f6f1fdedfdbbdcff241447f88d56523ce88881c098a1cfe7eb4acb00abe9096e7a7ef5bb50574379ac502c7e0ad364dbe5329f809067405d1e0864e13c73f32bf3ecd33430df079d06bbba9011f6a0ffd3791c9d1f00fd27214146ed3c06f881027d1e2a83ee81870fff20c0393f83fd04bad709544e829dd9384b762af464f25cd530639b0cf50dc4838378397023b03b06660be02e8b8b227099b475c63ee504eb0431d0572399c8f401817c9e974f597ae674ccd7182f3f1366f02274e7ab4eafb3e633051a3ab60bbdcb55c7689b2fbc263782ef13b86f7dde9ef89e6e02dc15b5439e6b786231d4debb4f8ecb32ee2002ec7081206f9001058214ed02e1b18ab67022fa25052d0e0e03f79868136a6f81dae7d06f4d67503e24f3e7ce363f29c0fd940587c6ced8ba3d998eb7f95e066d13e7b0954d04f0864c31e0323cda156a8041237888dc7f015c7ef98157b40dedb3ad41fe11859458f02c3e78e1088ef1d233a3ed52cb6ec90ff840dd20cdade281ed98f783669f39533376575c345056ee11d80a4fde92ce317cd08d37a384ab085dcddbfc925e287c526d3c43ba0cf5da059b706de6b5438cb67341fe3bef070fbff9cbef48bfb9c13bda6448eb3a4fc47a49ce51301fceebae1f73c400f638927445ee3836b9dc68233b4714d842c9470c647cc94abf09b610102158b0e79da01f75bd2c6c7612f4d81ec0759d7b6cdbf26008a64708f529eca7e04f8ec9cfbeba7c1e00e29afc6f7ce4ad691ddcf68918b6e96a41dfad246c5ab7b40acf81d6491a07838f190ad8e2d3d514c2f24e7f0f14e19f6cf225990b155d6474c86bfafcfc1c5cf44d3406699e99eb23cf78711e05fc1885c5db836e0095905fdaafd904a390d9b6831dfc65c036a7b23978691596e185ada52d23946b3af6eef48be614a8ef57998d5dde78b7ddcb5c117407000c629b9364362debf5c097b0017783ec8a063b2a4f35d77238e72575cc7b20dca81b9bce4b674f3fe55779f7f72a30d770b5bc2ad977f9bb8dc7cd37d1f6fe6de14e9c8c2e2aba7d63864737059b138fc10a0a9bc15b3fa0196b1ebcc1ab080ea7f4ec5a06a746f418a5f169a75269adf420d82d9f880793728387161f7eb419309e7cc44c9dc089f11c7ece31761fa89baaa1bb62a51f75ea9e300e7861eef4d75e3b8d7f82e882e9789d84f48a274857588242c1c8ac0dbe8dcab81213c180fad27c5c411abdbf44ed89b2d04b041cf92236ff311fb010e85c881cfd5e7b51be0c16ec3e0c1802bdc966408eb62af4495a19810ed9e83cbce51ee836d7cafbc08ff3fc38e6ed78a7fbb9cda665f414bc4ecc23f0bac96731204a9979f917f199842ec30c33a6b5b545af6adfc0c89e8f9735be7260e7c3326c70ea52498b25f23be0298b4eef3681f5c61c28a170ba6c05b22bfeb67d1bddf32010ec2e7b56c55c1b33ee7c4ccea1f89ffe3905d3237f0da0f969b505cbc7697038083ad696550ef272e9cc232a25c63fac4c79028f8970b70fe5d85151fb600cdff4626805b8c70ff22699410ef39a84dd05a01f8ee2798f4c843c3fa16cbef8ad28f50836ace4743363431be589cbf73e91baa0f6c6a81d04a9cfdb136f749f88658100ee366b6b1d65ebc14743a2d2a0224ce64a75bbc4a381c7162a122a8cbb73e53a6670e8a52ed7bcc1703968b185c656662741da09b833ac44be0c6868328fc43331effb7ca3c3db9ab9309e83778ef3b77441edb644eae4bb5cc2321c647ca0acf769538bbf04317ff80d9f6032f49acf1f40f782bc0dfbc032b5250cd34ae10931d117a0c7c0d7199e5630c3779a7418c113883f9bc0f7530b4b308c756320cf3c218f5ee6b8ef02dc0753ec3e9eb90063c09ace8ff08060983cf8589d8f5b0c7b7feb3a4feb12a8a8cd1654fa0d7a69089529bb5cfa6d5c00a29dc509ed80d8ffcc97b53179b5dd88b31adb761228f73da40c077a42e7cf9c05d47a8110f2c6ca3af1a983c7284f2c5cbb2049005b7664f03c181d60e7ab3d5ecd16f89e48ff0774fbe7d4fbfa5379f5039d2bff3b00bebc075dc7315d4b7578c4d846c740d0ca7a6d0bf85cc46436ee3a7f5a9997e9f626e4face487aefcab83b27dd0dcaf738c319b8cb34353fc9e40d61775ed1851930c0a54b73e79d1dfd46a1c4f80540a189c17fa2201a47b23ec3b50d6de51ad7f308be1f4a573ebd007a9eade99c1f354883ec5bf7f7cee3b7c726349181860e95f66db6a8a1017723d13baf8984d7e9980c7a70a0b05d4abaa397ec64b56e5a81ebc1b83b6c9797a26730de54c1f17c906bfd3d8f165f8bc1b708a97ce6bf58ae5d9917989a9c2f96b649bc1321084f20c48b2abcc05995d091f483ab771da56bf1166d556fad39be695ab129c05d17509a9e6ddb63ef16a125401fc7c08b25c339c43102b80f06ed341c0569d04ff55815e845d0e583be86a0b3362a2e70d68829321ae93ac73fdca3fbca14354bdf7816cc01cb7a78d150806ed29c6ff70d2fe653010602314fa2c1c241250c00637b65ac373d2303df4e6301f90df23d038b09dc5b3b1a9147f7734cec4ea8fd14aa8ad007a37606fd0d4393e1fb3ec1e36be11ff219907754780e80a84bfbb1e9c4c632e49bff364364b4d9e0b734841a027a31cc64320d3f1afdcb573f10a26710bf8103f7d66da212c8cec75b998cae78bda33d909b8277ba7e6cb5842bf44e6f5006f2d0cab409664aa53d2ea88483d3ae5ca903277e8783f8247a91dadf290f7038ce36f238614f7b8202dccf53a5097a4f64e48154e53a588043e0081865f6443fe9ab0517c9b4797a08a013709f303dd432b7bd396acfd8bd30ee5a1dd6aa2dffe122a2102ef5caf39508850900215e84cde2112d5f13ec1eca255dc59ad7fb0477c7edd4da6aa0a4661b5da7120cbb6bcdd2b1bb03779e7771c3ad3b67a5588a8794ff183db6abc0e9990bdb1717cf1f4215588f11fe75b6b130649fff4a4c3a2fcc44ed02bc30cd41b6370121e7743ba2f304863803d3465f58015525115b40a85d787799868633ee7c3ba5fc41b43ceb640e56ca08dd4e5b52a94bf1b7d9748db2ab62eceef434c6184b1804b32c046214fa346e122d7b8e8eba84f4a45b89197c30e9cec01db4ac3a47c636882bd8681fbd9fc4b8dbbe0d93508611cfaed8dd383afde300a00792577c6ed394bdc65866bcfec85c062c1294cb05584e724ba7309dce3f20ddff6671e8cf5d0bff4bc80e5e4652f062473ece5eda92380a4a3f902494005e9e012ddd384d2ba85d60b44ca1ceaf2be96ef79ba9ea948bed2d737a3e3bc9f6eb94df2955bd18a4e8ba0e239405b23767a0c007ba61b7589d57f8de58c345b3f35ce3982cc50a3d105bd9e0195dc66f99803b83f5248fd95863297b98be99b2d548f7580912f3db042fd204012212b26533441cccb8cf4b4ac575f3dada6862e9a712f4cdb976db9c31ee70c963488ab4fceb34b289c2a065debd3708c21582d0ac6bfbc2edab4a4fb6e5ae8073e273483d8f913ad5524097112638b4eea01aa42c9a8bfb16fc7a14a8e96247ddb0878451d8242c523af904440961b4249831b94b5e269b17b77df94d3fe2a7064d3443f4b10cbb93c7c809aaad14eca14251c2a8560d98f32b3a83e6a73009555aaf65918a8b0d7242ab9bee8adaa10a03eb35e1d300286ab5ab080bee479f3610af854bbc942de583f10c7455742026618b918dccb267907a02d567b93a8df741dae6bbdc0822c2c9876718a934f81738340797826a11007cfdd335036546f1224eacda21c4e4bdd5c6d2e0a7a7fd996ff3d2961381959cb6233ec008f82e1b6dc1e1089bed46bc2ed8ed94a02150748d7b3a14bb1f905cc802fe6f66828dc1ba60773edecc0942be10f266cda5cd41df1bb2342976e604f42209c65da565a2333c1d7d3653b6248d8dca967c3b60b202f93982ecac9d225523326a9f50a8b7b1cd69b9b51d6434117ed70d061046160a712e39fb26cc3a637766d90db8c3d34e0277bae71ba1f66dbbb1ae7d339999282f372be36e5bd2c9d4ee00045ba53076485c3083a4e355dac0ab1532cd37c8453d51ba9ca8874e8b150331847c7a26125dbf0277d5fc9f3ca9e010e03ebf6fd3933b6720c2eb72db8c5de0ed256f3feddde8d20a0e8bb16ef4e12fa0f6cf313a2efacbac4fd6091baea2aeeb2ee28afcaf831b2ed20a838e5a5997778b899c73900a5acbd3c5497658c0c393e03be37321e341254e835771c2f57300df45eb45b25c92b6b30452f879fa6e9da4786d465179c95add56160acb5bb72d6b9c105fea934c20407c88a4208a882a8d022dfc1c0427ee8ae4e7fbebc7e8dbd9f73be97eb76df3828b8e739989e82b4706eef9032a948f8feeab38b64c82469b450f6d7cee2a89c2eea5c761f9446e42f9d520855f0d605b026383e7c3f2ef6b61f093fd03c897d0abdc49389cda064c5d0455a727f85b0a9176cf6b512c7c002183b4e7a36f74342a7d393b637781ef9d1f2b13cf14f566220d6bc74a4850f55a5a8ee1df1d75ee85f175490c95b20bc2cb9504f4130e659868e150ee37ad91f3aa497321945d1956820a0c56ea5ec505ee86da17bdf1167d6a5a60687d1d24269955ad3528586f81c58ddb9d6bd884ecb498cd390436d4a58fa142917b18d04d5299b8ac0062ba46a7ba2fca99a2160a76db8138466385fca64af88618c9412149924898c413238ba0b44f8db8a2c18cd4507c05d61b20a7c9a69f9e25318ea1070339173a399f6e84129636264cca53df334525df01793aa026856ff1d5a00fe54f144982dd99c863c24cd97d9e2c1c985fdd04e23213ebeb4e21dfacc0032a41222acddb977c83bd9c953c03f969ac726f13b854211d4a3d2ee6c6249403c882518496e552d84259d2da05b5a3d7f5baa318fa6cb79246e785af63a296a9bc70324b7d1ae97ed06248905d619d92eb24261ed6a7e7c3d769ca58bab1163621573e421de59b24e96e91f2d4edb63f3fdf5e9e9f5e5f6eaf13b95b51aff9c26bcba48da7a1bb136431029db021a74f74ea9ba27691cdf9e602bc5ba88133ee0adfb7d4a23aa22cad3a198022025880bb8edc01aa2bf2852e38ac90ef412fdbb051ae878151ff33959868daa533489b414cec8189398eea15a62add68b1e565493037001a702796fde4fa1c4ab3c84d1a76d2f5c89b606deee5efe922927962b52243737af024c05d50fb8d017da076ebd5dc93ec52cf7da9ff2f2dbd01c3b3b4aac944c362521defda622552a1a665228c3d25fa0e67a40a861fbabceb0197c435039498e68b21da77f9fd563be7e5848fe288f9a999a48f3ecf4245a9c41bf95c21f30540e32342fd41035fa24fe08a81d689026b6f892078d7e5e0af75ee5129b0ad27025c34c2702d045e7624d0845190b54a6b1dd10b104d055603b1ce60dd85b19286503bf56a10d9ce3a197a7c47691644ad1df1cc6aed19baaaa55ebff608b5a75a771175206671004491a56849105d15afcc612858e735acd73cad56db0416473ff683580bbe06aa76509564592a138a9950e2aaf6dd6533c6c1b7a0dea34cec6c3dfa3623c308065ca9c60b21e1ca67144d91039f62f7c774fbc301bc8cdb2cbbf82fb2edbe947a812889a0ec80e93f5dd1a8e88c1cdad211e82d917c186f99ea9656a5ec06fab72e04af3c2648bd417cc6b413c68e279d03e4aa3acf21bd71555a5482a81397b7bec9b8eb19fdb7ac0e487d5845bd8d09541ab2c4e80c666943cf40a4d09b5036392c276c22fef1d6a65d76a0da831b12fcd493d8a32f2dcf5b833503a710b326794fb3374fba904877d194f653b4a4687adbd455ddf434da818f45df3770a60b41eff34ef0bdaf428ba5cf1a8327294a6a6be9b30bd7e0bfc0686e27605901f3ee5c979b9006748634b18603f7bcdde8c60eda9423cce9102ecef480214092e5bd6132dc88052244ebad0d63cebcd6e1bba861f2be11a02138789dc793fb86d7b87815e7cd082d9e8e5b588e3d0401b2ae599000cdfa4a57f27366c23ddae3d2bea8c1aa6d8a1911eac494d57d95b0c156e6fb2a83b9cc5170ada147710a1f6870bc23841f77eeaa9305a0a3c9f2a83583d968bf71634bd31b6f7e4eebfe38454d967a20acbdcbfb8e431ef788b50b5cefd02b0aabd6392344fbed3621fbf3cbebf397797ba1dbbe7bf9a8f0dc607b86548712959fedb7ba28678812d5c2b5b772282a0bd23b31ee20eaf6b36b27f6b9b97a234e7aa9b83c00ee80da0d90968505b283495fd3e8103068c0d0d11ea60ed333bae505bb0bf4b43e4bbb66bcee85496137dcc2a335137c88fb0148d10ac7d670678a828afeec99b249a96698c50daf1304dcb9be7913ecbecbbd6b6608ca0b7067790ce9da19ac6ff6c01977eb8b0f2125d8a5b71a4a0cab65a7f7a42d1da2e8f177cffc39bf4f7021a037232475bb1c55f47f87ae01b63c79379131eee6d3e395592d8a75d545a5366261830d5d86b09e2f3e64f1ab69251052dd2cb3dff8376430aed5ffd45223f0105a25e3d247f009bcc10c07f28f99b4d72b69f8b8e7cf072662d4aa7ad3069ca88e623130a887d0e54e5a293a7162f4fb7db06f0c43f6f9e03e126a4f97bb6aecb29070658457a96feaeaca52880240c15a8a32c64057953b04c27406e8b23d688c76e43e8813b673db8ed344d64e065a5b6ae6dab7fc77db7a861af18f54b4bc921eec10a8b266ebc96522752312b1a3332746ababea9d9410d0f78cd1a8f110b53f80e36d1511b5ac4d4a8cf85f50cb00fc991ed6ac08d25f51ea27662e527a10d12523c2b273c94611bcdd14bbab84393fa7d676585bd88dc016d25df951fbb5ac8577b0de5bbb6ae8a1ecec5d89c9d85d242cceb30094fed4aae30d4b9178eb41b15b21daba5a85c09a33b6aa87f86077beb6a23d0696f55127375307453faeb736eddedde40c4ef4e0664b1168558a2ffc087393a8d70a3a323688d85105ee84dd37d20ca0953e9b4bdbdd4fc648f0cd7fb3d7d76d1477b4ae5817b300b4fa7ea363b47a1ead72e985c8eb798714ca0554553c6b098011bb3e2732a05f80bb484f7d7a885e667916ee58d3ea1036d979614beba6ad7798854f05dbe4fed7cca1479fd8c2bea74d649c9d44fffb62eb05edcecc5bb345819a1dd15abb4189bb4cb7bb2609e324742f9e28351a60bd9cabcf18812c03cd5a39f46b1a1ff5fb2020fc5a17286a5e3313c4cccd03247b2e54ce07d30eb8f32119e6aca2b0c62b7e23b3e3e043bb399e71f980769729bcc156e5a0b9c5d85f4c4ba529b936f9fadd48cb7ebb3d3fdf08b4bfbe7c797dfdfae5e52b63f77dabb5b2a075a079c7abfe7e457643807be3f20aed4fc6e6c0ddb97eb45688783101dcb91b15ce9397caf14024d362ab9d80bbb54c2a761ed6241cbd3e7295b6ece4065507374c903152296a445fea6994bbc864b4dfc6f7b0c37a7897e5504a1318d70c615a6e7b41aa25ca6d63a71df27764939d03db4ec52bed05717bcaf95d9bb5a50ae9ae821926d419ac832a646eeaffa85cfb2637f5bbdb98b7efd11f9c2004644e4fc71fa4420e863f95b5632b41dbdc174cc55d596afda82dd5d4456e2a86a9adc67b1004532e853f6bbcd2a13464530cdee360229b70d4e29f0583f82da682a44b30200ccb84f74b2092efff8c4e06ed0ac0a59b092bc44fe525456a98fb37ad72e65e2c60b342929115c1e02a23b7a942e770c0dcfe6fbc7be6c3cd29add18540ce9113b57f8c8ff77953e04e3dd67736e61ba0ac5c4b2752750ba50fcb5a8a3263ee6a3e2bf9a5164cac0db8be1640d5c465be1daa810d3f21b5d89f83959b340d7397e1191a1bde0c89c7c5d6594c53853166ea9788b65e71bb1bdb42a913c7d7b7a2e4759e93e705e03e2821ed5337802179ccbbc0bfab5e8732265b86f826efff840fba3e0f6406e9d3ddc2dac00db06c3ef9280cbbcfd60b3669d391214891e876fada587accb5f7416a82a4a253cd8922d4d613c56eb0022137042f6e4c8fda86cd02299a65cd90277044d27524e97396b95b85403a9ab899d6bcd818b56fec95455b0d3e261db47c6fde527ad4b2c36daa4b73c181ad1e37edc1753331d9948aa7a18a6a1caa9bacc8a55b26c345dbf6cb7beed9802f48f7c133315352b44c6e6a29e3fe340ea00092a54cb2b27024ee7c8c3b33796fa8cd24558e91aa57d1b7b8886712704f7be606a9e3067ccd60d83af8ebc3b6f560dc3f4a45a5dbc1540f51f3c271cf0ced360597327b37299a921aac55b7159791747083a01cce61854040691547edd94131437f4ce20443ed9db5fb3425da02d53bff1a528330d7cc33a9bc5ad681305759547a899908f952355f86a5569ac48fd7969eb24e2dfe0a5155f60630586de22069fdea92e9be8a2df78665872017aff175c97bb6a66da94eb4077697cbb6cc2650fad8924510e695d46818a872b4e5c439e8552f57723f262dfbd3f3f3d3cbeb44edaf5fbe7cf9fa6502f75722dd9f9f49e40e0b11983a8146344a787150ca2a8c8fa80777e351dfbd434320b592e27646789c8f8d3b7405b5731180aa6d44b98377a8aca83d994286dba03cf948b64c794a8515bb27b6d5b873db4ee66e7903eeea983a466eac4c8e87c52704a2fb48b1e710dd949d4d6eb0e45d2dcea9f31447d5b19dad9d2c393bed7232032634a98c3868c22ef75bee4355aefd498431c2b8d3fd9680bb2d60ceb2b815702d5e092ec430a38c42a76ed5d02b81cd9c759873570f11b493e5e68e2399d162921f2664ee1eac66585ff480a93d0d5de9dac4d58a977cde0083db9837ab0172bf4053883f82a346e7ab93ee1d568e31b70ffea1c6fd57a47bb1554730ff9ae2535a257a89f3527c5bb0fb6aff0372bec4c8acbc05374a4fe52fef2ad0de79bd44cdc013d1013384a7c4c956a604d99151fbf8f8a976da07d92e6a77b5acec78252fd3a175b2a317574b5836dc060b2be30ec964a2a8dbd74ecdc5d75caba2ba6612e6e33622d252e952a96f9bae122afae3c4ede19697c079c2f181dcf55372897ac53159a7e81737e3f2cd2e5c9f781bd6594d4c8ffc3accbdbc65f4b40726911749ccaf53053ea1e7116dc6c5cf4d935ca2b494a8da2f9b65837d57fc9b677848087ed522cb85db2bdd9e7b00a3acabbf088d036c5b86122d2b61305584123f165748f2e32d975bf820d49a47aaee5f806116c52c6baa48e1458f2f1cf910498ccea83cbb31dd9e26a4342a759f979ad5ddc7a62b31eca4bb343889e38d741556b90ebd12c35ab842aadea2dae30d242d6743e81c30585e30d8437a8b75ec739d4c8d4408ee5b1f8d8a6b335fba1814ad2d30a5eb1b529b78e8668a8b8e502ba8f0155a66dc33c16a06a366f7e91498953fe5a9d8ea917bac7a6e711ea16d8174580a705f7977f1d14aed73e825e56a0c192dcebe605e5a8a18aa014376183ae2997b67b36e79c9ac8256c69d0d74a5aededc8d7cf1227557de04df4bef2eb4a2102cb60b983b96c20312ab62a662f84f65325696b27a2562f072be53cf023bf55cc75a00e8aad8654013f0c2ae136b92f0c406925749f1c23c453cb86538c79ce4a0b98ee7e11c4dab875db0bd7496ef4f4f378a2279797a7d7999a8fdcb9779fbc2c0fdcb97f9df97e717ea4e35c41c191c554debfd896e80a5ca67aea00d55b60ef70a14955605d63aeb502b8b98d2d03fa715a7d99ead7b790bade68805bb9b3d534b8c3b26efe70c03c01ae3922c0e5d37d69c714fadf221c8b64009f7557247558116bd612501134a674d491cc58e9ab84088b353532a4d70ea75483ee5742f34b6b3d8422081b2241ddc4773dfd5ac9d50bbe96476e5da412dc02415a25bf481cb2e357ee291a0d5e1b5ed4eda62b52ea85d84eda731e986da65c063f47b58e852b840e222dec656ec9cd2c1cd93af123dd5d65736bd2e820d4cbfcc7a2eddb7aa575e9110fe9c87c62fa0f95fb2b246f7259717651ef30921c062725d0371bc306247a41ad4ae74862d5b6e82ea63dfb654cd5c13f8a09b8794edbcc53a9d8d158f8f717f67ecfe9340bc7ac88427924b0eba1b8343aa042cc2e1e55d0254c487850c6d85380bad40315c4cad9c50b07d1a01beed0f7f6eccbd6c5dbb669af880b5b63a995d717c3c8e093d6923749f9c64f32e9f0f818df2f9db865bdbf874b17a26b517b50c2b938fc2ff6e4c2ea31afebae729b4f6378a00c6d967bc9574de970f274616dfda56bb444c3eb352c8d95d3bbb0666bf1869dbd24b132eaab5da1783b9cbede26506a5ad04b2bd77abbb6f48e6dfdc72dfc92baba3d84082141b50bd6d931227cbb4728b33bac25eb1bb204b954aea5e5102a0da428a3d1e04e9dc42132fc1d5b143574e6051055d34b2ae3176779acf6d84ae8c7bd90962a81fbb52c3d209bbf6edb4b0972a7b0f4876efa98dbdecf8d337b5c4ffa9778074a24a1ff290de13cd273121a8196e424f4e4461338c716951a184e15026ab0a4b8e0b53bada6f80b7238d30c1c368dccd6c36842d3fb4e4ad8ee1e3815631e7b77aa21aca77767310e17b679912b0e38afc9e914cd9af7eed805921d653c171b14aca0d148f44ea0d2e5f8a9a2b24dae24f1862e1e590b6eaad7cf1bdc5cb6772d742d6723020cb0ab4793ba5783120ab194718afb7b4734dd183a6a661e2a2257ba766a8fde9e5e5f995587622da5fbfbc7ed1dbbc9b9f7b7ea568c11b33ee6e8eb6f48ba52987d76691af35ed5e01554aa0db54aa4844e4cf8d49656f7f32534806f022fedc583cb3a9bd8c7697b78b97165c8c2f05a98da5e8d44a99b2478e5eb480a4fec7d424df3c4729f1eef43754c0e1d69ca40b2975c130806daa59dfd1e4b4d24927c34b34c3a9263d0d02dc878acfba49c0e5a71befed2db95480fb26bcfb965d2077f7fcdac5b537e964bad90e94dc02d381b5a200895d8ceb7dcc96dd5c5d9b3beb487885a37608b654792308ef9d986640a4a6bd49030fae7b6b19fd3487707b90abbdad86223a4e7e471d30a25c63b3872d73f0e541508af10b9752f9a5f774d1c6fced989acb8c05782916963a6fc8dc310f7d4887328006ac46b898503b7862893bbecaa99438d4d3b6a561ec295aa813cffb3848d44ec0fdfe4e6a99e3032dcdc0e5319a09993251c3c27199996145e37557e4e2fdd500afaa555703cd0be5e93e90b65211ae1167de6cdf88c3893dc3eda44c3811ea229534f43d48f36a2fd37a0ab469a1601679fcce7fed8f60f9e8861d3b9aef5c6be499c416f39549c9b0fd1379fa9fa2dbffaa79233cb4abac55a9bf7011f88e15d75afb23d85eebeeb098bd3b918f80edb35e1337c88a4a5e301143428e063723962022aff9624a738112bb737d6fbed1087387b6c8cf42bad06cb32155858d3b67374dcd1ea60d6c2936d24d491f63f79574ef2dd91228b2429b7820caf217047f9521af4a1483bc5d6caa549cc8da02ad39f744b763f4eef6949c1a1299c0eda1151e490bbea81371f57a6ea5240119c4d72d7d8a087796dc9bf7b811d8e5c828346890eec9691422c8690de64054fe74a05bf48545a319ec22b465828154d1d0626af41384e001732c476c101fbdf7d8f787570f8a1e6408a529eba2ec59d9af6d847420daf722462f98cfacb68cdf5f303a403e25bd1ab4c39f02e1ab60edb325358364c4da419549fe94e8128eaac980061b3c5aadc14312acd989550d144b7cf0ccc111ace0e955434aeb5812325a34a34791048ae39f14c728f95b51bb227541ed8ae0897e9f5f24d4febcdf44e39e7a0b4b385724793623fc92a1fa501743cba3129937bbf811643fc8253a6452c2b96bda2e9ca905cc79a8064bb33c6078cbc46613b3893bc2b2c846bb924c84d6db8cd1ba3e46b27db5360e5360870b8abbb6af6cee52afd36b38f4816603a27de65db26f34fe469a3a8792ee61e581d255a9be1c46b78317e4298069932426b197111f7eee43ddf93bf6c8f196d166148b052d647f2a6f83f479331c324b8692e375d7aebb06529a461531fb995129530a6ed0859adb3f7892e8d2b799bcdd148fbad54c4f94680be0ee865cceb8ebba7501ebadb2ef584b6c00bff676f9cf5a6a981f6594cb1379b4cc13cdbc2c70a59b72c367f7248a4a30b8f84e9b1eb95f6a149e8c61b97a9c9ed2818a7a938e6a0e5a22e07e12583f275e27c83e6f774d664ab281bc374ec627909c1dc1353b9e98d61658888fdc765cce0811cba4e26cd513150c9bad0e12bf66beb45da279648cf164d6010b6f9456f4241053691138f5906d656aa9be2fce210096bbbeb30be5be134d22f05d7a8f08b70f0a754dc679adf50e49198d2dfbf2e07f109dff7904ffe7da57ff70eb1a66f4da331ed93a2a99f18d4f8b47552dbb5cd4b814d94c05c47f147c096002335762230d69ce137f3bc405f12106836872d52c4e86c73b9c3aecda5a2df180a0b036d710b9099d360c2d4f4fa665d5a3288d3cf7510c8f1a6f516d6a5c28081e22e9a10059583261926d27b4fcbdeb4840637f50b21c512dac45161aaa5a28528e05b81759a1a857c1af36768380563c225bb2d60aac964d6596d09fd5bf0462636571257555ef1af54ed50e69dc0ce0ceac9c354e48f9daf61e08757f81d1e16bcd006c6f31a4fd2aa4e9c97dc4f0970209f0e7cc3d8f59dc858b0363ea89c6e23398a2c24620db21d6aaa472677108abd35aed54d2f91c93c3b7e3855e7b294b9a636e5751d9517bb4cc55ba1d2ec9561700ffb9b303564c83759397e9745ce5378899195f7572a17b6490bd1974a7c97c0c54def01c29a49dcfe0685e2fc2d46511b39fdbc5ec37b9df19b5df9e9f15b57f656dcc2ba3f61782eccff4e77902fbdb13a9dfb770958933ddbcb49ec785aa79460c1eb72eb21f1ffa5312ecc2912e549a91aa5718b80a6a0f8b42b317ef50620e6c3e327c9ec847a779e17a46515e6480410f4750fd9c15ae921d8fe21a159bab94db727c021182b178b60fb59362e606b9a09b1af1c10f9a5a1c8a57bf5aef8528102505b049fbbdb4bde9bd1ca2bd2b4cdf4324b351dc528f5624e703ec950c035059b761d321a6ac6b2905a81ba09fc7483355d4eea550cb8f50e88c69813378872d0910ddd9392896c4c69b0613abc7a6a1198b0ad03529c1f7e6964d1aaf60f518b05d65b7c1fb5023f7a734337ff23b3f110763ee5ec41afb6e7003103c7b1aaa4c314dd1e05180a00d337eb4c130bd0c4f3184161b3db2b1627d3755921a851c0a32276f18092c30db7d52c850e6c038ee8cd7df136a3fdc3dc6822b835f842c1e80d405ec1900ad421f3f32891c28ee59de7c81a2124a58bdb505b5b7ec45d573c6b65e9fde966761da5c195e807b6ed74eedd4c32661498996b261aec9670f709729454418d7c108badf8edbcee89da6dd7d3b07cdfec9fa947f276967049de53c5cbce0e65f4483fd1d646f3e3b579d4c5a957357ebdfdc07a40e1608a73f7c4cb9b78cc120777ca0f75245a799ac3314c24614491fb661d5b554bc36d95a41f7b27a993ca46a0b3ba82dd898143fad982015415faf8581963853589afebd222af0ddc88b564e664b46e4897687e40f265d85501c66422199ca5cd0ae3b8c521fa8cdefae72af71cddab2a0fd9de2a1d2f9c84b705f0e8f59817b6e53f10df210d58d2d40740cd87e2fac148b0432f8d3b49d4f9a78283673e9ad27d793c40ca49e1804f76d6c6395b927395668f1c23649a94148ddaa2344b8a881482b01a83a190843ae50df624b48bd6095968c236aaff6457ea292763f746a7dc3a4eb109a50328946cb1edead5b6aacf14e8923428fdf805ae8cc3ac85044013ed8c4431549146b8596d13eb46b73cd65ed7e6cd89693b8758f848ff476abbb7aa18f79b7dca4cf905b0ac9ece5bcd1283fe69a70d2857b5a34eea9f24c74d13e94da88a4c077a67208a9cfdb8def89479fd8fce525e87667d9276227c8fe4cdf7c63a8bf136e6f10a90439bf5eceb1330386d275ca4473c41941d59b0285513b074db18ff950aa4160e5d6437a7716d6ddf6b2b5edbd4518b271762685b15d4ca28fbd2c7f71e72d4d79e896aab06628801b9a5c9c11d4ebb356fe6dee6f97a639f0de930850763551c2c7deb9626087e75e33f272f84ec70e2005596fbb2bae3ae4026aa487e6ed03d67eabec171421b0d9692a12914e03eeaa5d47f34a928460a3895b365e0835b9777fe43e49ef99f0d69a6e2d5110454c0d7d969944a2052d39003c575c2d9bbc4b35b165d73a093c82e0ff15e67d8989b3fd1d2cfaf758dfb3de649de522603165a898fc850b9d665ba7d85db69f56ba458ef50646ed4df8f4836ec77157ef53bb9dc7715224ea9da43204dfc79d5a51b969259bacc182da97d650bfae42648685233522be83588d26f418cb5362ffaca2ed8cfb92965c4b00d1ac9584b02e44624956f63783921ea16e13c36b5416b07a36609b518cba6776ae0d997bce029d27eba019ffdcefe7713b6fc73927df731f73021ee7bced784650044379baa0252db8e56d4dafdda07f912cff7322f4ff66e109171dbd53cc975a7f642de6d38b2eb4098324eba2d14145805d9bf05a17ec2e4ddc5e1042a3b947bb080d5a1e082b7097c19aa4b061b0bfe8c673271f26976db70dab71824d3b8534427b346f174a4d7e39c23762041268b2daa3e2f55cb5cea235f3b7a8396059ae8f4b13749870e1c5bf0aec8a050bdb6e22c9c06cc0e3a585c87b02286e3bdc41c5cc41d33a21821aa306eb5e34b3d106225fb1ed902596da1b59de0cfa0e1f3147a0613886830727f5087335ec01d93ca3657d7199c79bed2355816b9ed246184241e109b8a7f6ceaa23a8cb7850ac580c25b196a42ce7d77712ae8e907045699296360945ed96c301c17758a9370bdc6b3b47c2ed2b417e2deac0236973598b210bb461c92849058ac838c024c16bed31855142ba4d848121c72ac58d5acd30d27d53ad723f2670274824441a5929754e70926b70582a13c2b2016892cf2dbeec84c49f9f0594339d4ef7af2faa8a7955d8fe2c989d99f61b7d6c122138719fb659e40e504925959db32941073b409ae94433bbf8e42ba7c6f4c322d2cfb31d941c4a80c0e62101eb1135ad9d5a5bcd35e8d666d4a3f9bd25e58c39b42776037397a393f47ee83199788ed43af0a87b81e718159ba75902bc80ca5043ec98bb4e48d863cb1125c6353bca843ee68f68d9f245fe288514f7804efb9cae2eb86280afad12ee296b8110a8db29074b230c8953170db634685bf1f036d46eb79ca336a291559ab0b163e24d5bf051766f729a9c9bd35c4c9f5c60bbf3ee3a27b9b81e9b056673aeb7f777c78ab54a655a7b2c708265398abee23febf3f8d719f79c55bfa0769b4c30c921002e29151a62a6fa56d9e6ea55cb763ad120e3a81d14b583e9c0c8b8ad51422a05f84adfe9c1c09deece43fab14f01ee077f90c09db8f643e2cea0740a425233b6250f66e15f3045c89b5173eadde1d9a483db7d41d2213e8e9b85564157a6bd3bd41629b96e21d9b2001443a8e22ae7bf62187e4916cd686974e6545f2405b9db05933d1ccd0fe7d66953749cb149bacdc3bd4fd4ce82250e8db84977cd4ed87d1b2c84478d67ec4640751480f7878da49f49e1ff70b43e3483ffafa078b8d4d46395ccb286cf5a4b9545705366db56220b6fe4d0a33a3027d0a6b6dd2823ba27f96951cb9482be85b388c4265ebda31c84b6a8c6e2c5220635a3d83d6c684d899fd9dc44b1a8415a77dfc8d4a45abb01b08193ee980df2336acf7f61f1605938aafaff10ed4232a2056bc76c7644866893e292486d60bd2dc03d59b893a324c5377169502cc23ab85db61787ddbaac2510264bdc103f72c4e08d4bc7a195939ab14500c63f79121b448de1919b49821f0fe99f24b156ade812ed18c60005e067e06e61b60fd4e0987631ce272c566d18aa9aecfe109ad854ab8a70089d6c51eba9e0bd16dcb7d039ca3df5cd2687bf3c1d5f9ab6b2f1d4a586f760b4c5de1ec3e46055552692b6229a24c5bbf641a15752cd542553fccb317427d258d3349658cdfdb609dce7a42d262227e0c17d0274894eb84b2079b0a42284beea5520a89d543137f27914090c4175a1da9fedf6f26a34fbb3e17666da5571a942cb1e26c8a50394a2d374bd18e612d8c42967985e65e47ca64817d51074d2ca52e15d2cd1e5c80ad13ec081bbf9a685376a4fb176668dd23379a0bb62276d5c2a862d19df847d3084183ea42f39bac5a761567db1f8dc98f2caeb75a36b401653c1eec52c0834c231646ba5b89b99fd519c5b7c4a829c8fe1dd306e1cab7aa388b05e2afd7a35b36a0d355e1610426c592ee8bc5bf73d6704673aef8e5c39716f4c9da9e9aa6ec392c62de55e934a2c7b3caa23172f539d2e43aad94366a7a6fb52e1f09c15ba80d0c49bdd6d28a50758a5ab06dfa528a874422f6ac8bf6223f3f785010f147a98679b3281d7008590d68430341983eb5ecd187775af528d12dd3435d4e8f60101d90f3675a4db717010ea714fe09d00bb7cd0f7e1716f735ea2c806dd2c2f9e5350e3db5b8440f624744b3adfb4c76f9ccfc8e727fa6452e5b9a0e26c2cb390b4ad57d16eda3660a260b805a77883b544662e628ead51fe425c17a158c976c27889bd30d56ba48c49f6e4b056e03c4f729bc1b14df44e389e113cc1f7734ece63df869ce82613f4a68bc8604baecf50fbdff441fa55540a3cdc0ffcc58b228ee055230eb53d214e50da037ac1c6dd7bc5b7ca9c03dc1f412d35ad342e2316b3d6139c8e925ebd48ee2abcfbbaf6b3d3896c9ad062dd1ea537aecef098a32d3107dc056920d41f6bdbaf86e5e02e8a8b48a6a754afe6ad3e5d2dec7cbf9afc9401affda7994c85072df3f8d9d0c871cecec502446e4dba6a6d65c8f741b98395f73dce83660f1cb6722f963eb0eee306d72b34c7d02db931ce6bc28fe8a21857ee79b35575fff9dc5d0093bf432ce1981a04437a6ac67476d537670012e20c57afce6be72805fc8456e317558be5561de0b2f0b6b4b5c258baa9ccc7d07a12dcff31f4ae5de5094e9c5ebac11153b378361ef202043c9a62a0ad35536c118c87559a65a189116c82694641f79f799412170a786b0ab36ef3917263468a6d0f0984b6f089cfac02f76d3b6f1b39289167f798a87debe3ec7888c7390587807523db1427a89d3436fb8d54314f2f2f4aad8b7b8cc07416b23f3b6077c8aec07d57a703c100bbf55b88394d90c48359f7d37a43451ee8a1ac8ae25b44619a3f7a02ee16bc7812eb3ef8a219a07c29d8bdd6ff36cb18dcac17de1f18c7ea2d5fba288b67674e6384c5791012ae4fb9b04b45b3e7461d959878636af2c40e4ab345fc9edf3a5b0877c1ac65fa4da8dd5bb65bbaf016d7dbe0013de8aef7ec070635222647d06184756962d1f06ac345f7569da832ef9e327805b2cbcd72661bba7289c589b23c760fddd195a559a8b81b2ac7649d04ee2d9dd49e5db4ccc03dba03ada80cd1ae0ab62df1260458a9777079579e2c1e7b54b54bd3e3ffeac382303db2eb81942e9a56cd1d4ab187f6f3ca25625dca6249b26d0adc352662d8c68c63f14e88b23c2d1e27d5be88651f9479cab7436ff773a2f68f0f82ef249a39cec4bdb359fb9c914eda9d76b3696ab078d9b8f3448378a99ad9dbb571b88370d811d91a3d696c40c5a7760428ae7e83d9d80d72ee476d0f8d9706a069b966f8d6300c77b35f9cb204ad26eb5aada8ab1a4c75b8987b9b22c9c7833b43a0c5efa04302ace344179aea4c79124427944ec77b53c69deb93fbb99d34479f2a2ddcc57c4452aad578d3e1fb7f841a4fece41f68dc3f1fea9fea78b05d8c7a167736587c1c0a71b794ea30b7cc13b9a4c842a4f25dc41aec83decd19437bb3640903ddd4a3912f552e0550f40ae07608aea36a80659bf10096446b4a62f416449f208e4f53ab8f52f2e6b8a8647af2ed506183e2758c950eb288f7913c1052384ef060b874e364f3879485b1d80d2da83dc46a60cb6cd846048f221df4ddc296f34debdc186cbf6960a13aa44a68a90ae9544408700d5e528ac767305c8766168e67facef6e2ea375184e6982bc835a32a41f6e18c7b2218658140ef6c1a5d3b46e308a4aefd9a8b121c7b8ed3ab2f48518c42f7481c8ce7d476d6d01002b63c68c4ff5a6462b59a9a7c27b138b4a422362ebbdb7aa967f207af29e0de2195244f104e43e08c8a0fcc6b813639e9ba85bb831b4b8654d83ac404593337876332c57b2e95b951f6d09c4f38de7eec9d21ee9cb40f9ac5a9654cad02c315af6b3fab1bb433cffe6a2a7655c408647f72710c09639e6e2291114dfc668d8c408cbb2d5fbe10dab540ae7e72919d02d15a965c4a814a273528651c4f4d27ec3e08bb8ff9862cf044e976e71225465435dc26a3d9c8275283246813be4908b6d2b7ea74e72531573739f59297584882c1e800699109b174cb10fa51f496f593c01c9cb40326baddef4d72ddb3d96c69f14e3c5c8b802dabfd216696254dd89063d6eb1cdeab3234da3ecd499f815d0803f33208cbaa5848f9488055b50c9e5aef8bba93e68b71209b31dadd3ba9ac5620dda4cdaba4ab0f56b0463d0a71664829ce5ca0e5e514816e0166be56c1439d4cf6517c40a6c0af85eeff21f87e89500ac1bb071698630e981f843df62ee5e0da2d8d53813bdd4ef0edf349215f84334f02c4839d1f19b50b643feeef07dd7f1ce79d4976ba6712fefe21d85d42c86491993b77c98f6327e80ead749b16fa06bac7824bbaa0b9d369ddc776ab4c914ae7f77c71541f3fe918d3679a2e615056d41ca05add028be17ade277b63ab3ecf48e6dbc9e6ae98485ee8b69017f3db1f302e23245c51d29ed362d2a33d1a1cfd51e1f118ea4649c87d3bcf9d0b92bbed62e4f06f84da2d91817a6277baef7395c08dfa150cbe1bad883569fc3fa042ff859ee66fd7a01ea40f27494c5a598a3eba7984b7b55f99bfd5a96111cdfa953bf7d9895aa30be3ae99b4e83bba2179f4b6b78305baafedd6a913527c545a0d307253026bc29095090aa354b41149a4ec46dd6ac6059e581a6645b60ab4856aef8b3e5fde922a344d7e5e3dab1b5e4e71ea06c7454e5c222797291256831d1598e81ea261088702af43af7d67de7d99aa62cb7e280a8fd66a00c9dec445cfe6662b6751c3948a5761cf995f6cb5ee5af82a208d1e1cc442bbd96f831414e89c7f9859baad9aa73bb2c8dd22ab306975dd78d9ade279d7c135ecbe06cd25709e4cdd6bb37625e43db8495f27afd2d26287e53414218a452aba76865fa08671794db5654960787eb742b86b406032ce6eb09a42427be02c93193728f37a994bb06ae2d7daa1699d8b95a6327b432d06d5fcdbcd043979d349caa6738b5a366d9ca57312c922b6644045ec89dd09b8e3b94da07beed4ad2ad85d9a9b9bd8488ad5e3d3f3138b615e5f9d6e67a10cc3750a49ad7af65d14328adb85ad33b5f06e6db3d9d5054c2aa31a99e6b23954ded32e6c3e005dd87490528c7b7dca5274cabbe28323c7b67376b54f98ac13329799ae914314b24a9ed39df22908bb33a1ed3e69dde40fadd892432accc2951034858d596fd41a641e759d33808b65a4254d711742d7020a5a685f0bbd75b859e33224116a8a2f78eddd2b07a11b76b94c081a25a4d1ea230ee31db6d83ebb4535b99d2e4fcb2ef7e1ba968c3434e3daca493111186a678491807b57c4dcbb36e3b7b0d2e8ee226c66302dc721673f195ba3baf6f21aa1a0a8dd744d920f81e66253e79ef608b2ff51fb6925dd712978ff273fb0746e5a5a0184a0509d2094b15655d42656fe06d9b764c2b459414680bb4e3186dab9134ae97694242506ebf70fbecd07228fa11854915cd303be91e38cbabb4b80632f9108d1daa5fb655d4a7d8f21bbed5db1fbbc72adf3834dd29b25734908da490d2f7a3d5a260404040a92a59a61406a422dde172d4aa1d872b75dc85eb31e03f34ce685202cdedff2de50fbf77d71cee12382dafb9adb23f1f675f111a38954a375ab5c583cfae6b76d4400f1a91e8ada3b9283242f0484e04335c14a0e45f0f897b13b5463196f02fe0f5f032599e4b25b582fe79a038081abb098639f119027e7692e995d3d84d0e8c3f0ca08b3140c9bc4bc275ca5ea0619bb02770d4ee982ad16bd8d0067c424e08e3a4114ed21a92934d4beb897c481d114c25eecb25bd58be551ed8a57a816999835d50fe7447c580e29be7cd9b12155b8ad942d4de6c68cf5dcc2e01af76abfeeaaedb08348312ebced67b13b494886f99321841cc5ef74f46a2584a8064798dc802631b5d600d04d479456688f30b174524b0988165988662884644617e732994b9ba46ba49876a1e121be27b1f40aae7a14a0d1a80584bad31ba1ccf15a4da6a622aac67eb1c5b1370b5f1a352e2cea5c081d5ac92c1ccd03414a2f4a62d54b35298ea76834d5730e93bdd1e35af7a259cf66a2c58c3451fc6edeb24e56919f8a254ed2697ab3e9440fed618cc33d484c9a9fc343b364df39a7e17debe7c4a5db863bf291ea13b533b86dc4b4779cdf7050620f75ab8af9080dc38d143204c6490c231a991761da5f451c4388fdc97a50856967658c3890ede21d4fcbbe9b61cf37bcb70b4c8c552d9a6e38509e053227640d71974e7e8453701584322149df75f40ec18623fcb31ce90defbed905bb8fbe0ff62c69c4306d9b6c2540e249bafcc575b758d169f84cf4e447a5b630297f790b7b3df791e8980a521a2a241c24e707ab0d1f93891dbc59065bb6c1c525b7d79bd83fad062cf55127d4f3b6ca5525ab11438b4db7f9d43bef8e89bf82bc670af51fe46802eb99c23c050d3371f7999ae8f60ec9d631c74b6e1e060fd134589a00b3ef6e4fa646168b819c9c536d593d2e170d2921245bff479da9751fe7f1ac2113aab0a5fd02f9e02fd3678a5f996df8177fa9a5494b21bb12ed5b929a8889bf40f65d8210ad17c45ab975523cb9243634ff8f4378f9931af87590430c01f7f7f7fb07dfeef47f96b21f3a655934882a89bbed8c14934a053a31c720f5ed445e97c8757ab5bbd4cb981e109f6e2fe218e49ab0140e7ea5162f3d6c28663934acde3aad4655626b9504c655eb889805f95e21c0c894758f48c464428a4947e0a1f029cd52bb4ee438614e062f31ec8980f2ca764b953c7f412d6f0398ad20c5e43cbd835dc64617c7990d07bb46aa179732c76db165f9db864980ed41617bc1f67eb53cdae896af7e8edab30b587db578b575b3f61b23a97d5d89646bcebda449a3a3377b480c6796a4e9da16b197b97ee3ac30ac8c3be808903c7b4e3865f2565692967c9ab5b2efbeaeee8363ec30b6a0db3d687434d34b101deced3ac95641bbb316a3780d5b4b4c2640ee1c5c7b9b523c469612fbba858f69f7f5ece17ad2e1da4a08d7a2ae2d42a238b1162a8c303e03044cda513b93990f611ba957c662456d5060ee3429d57c712aa79dafed7f7a3079655713818cc3d3eea3474ec326f09127a36fc26ac8573abfdae5a2442ff82ec1f2abb5df5d25c026b7cdc3349bad05c1ffe0025f65dbce380fcb231f189d0786dc6519da74dc2681b092d4d90813a080f3cceab7b564afad29ab9c7d9d36b07a46c2a3bd3cd48a51b65cac163470f96eaca6f84c3853748938031cdc6034d425406e16116fdb5565217712c76cec25cc8c338589d2489d0f98ac87895a4f946ccdc1e156730dccba76d1b6eb2357c538d12e9a760efcd03fbb076ea759667eecc958370433eeada4c593931b55d9f813d8b432c9b7a58f50dd8586b4afa61da2f96059700f6212c8a57d1c2f411b1f08f23a64a365cce746174f816cf9bc422ee829155bb17b877c0fc69183d3fc9e605c5a37cddcc4766976391b1f096a1a312009af9ac72897fefd86e15f03c9241793a631174621f97f25fc9bc3c02b8b54946d986b3dc339c24cee356de2c9d704d46aa199e26136357313a620e84db5a4c6c1c9a19fffd3209c3d73563de4e6b4ee877e60981e337801b7b41292c4cd7083bbf15e297761d2cc3717d921b6820155641333037a80567649a9cdee0fa2555b317944a3fa73ce69f228ec26ce929643535910396daa18559b08d72e0f9c71ef5927a3c09d503ba526f0d423860ce790862302ed67bb1ff8713fde3ff4f6218a983c4359b15ee0b7c7c200c72382b9adc78c88261c4f5d0adac5433b39ca6e6e13b8efbbc077faaf8c5f0153138552ffcefc7bb0130672cafb1945aaa4b66e857181475dc3905334c2e50d9295403683f3e98f6031e7a76a44b9e7276718113db2d9f5d29254156dcb9a67696990ada0640239d9a7e7b48a95390c70af11f52bdde466540b4dd8b2376304479243ee639d076cf040c07d9f93e436e8d0a2101f2e9d237b8ddeb5e13e6b08571f87c5decf3b6e93fcc087302e5071f5e2524a0e4b0b0986e573296294089425060db0a8bfeb167cc8cd5ae747d0a32d022568340dbe52da8680259bd26b22904aa3da766733d36839b1d56758cd87b09e9a4e035da8fde411a8ae1be018bc12d49855e4e82e4bf646c18a3923b562a3d243669fe009154ba356b1e158f7ac8b096f3923abdda6d6ab41736ea1c814b034215abf48295da22187b61877317b0b90ad1c5ba0f6d8ba80e6f4a901a70164cb71b45e13a3a78693cfd90a04cc8ca7ab0bb5f4d0d0c0900a49d2d9430e0fd7146540ebcb4ac9a6d67765c631a5e1be444561ab4c7c605beb7bac3e30326389e8d45a9f9d7d8ff661ef3c5b9bd2cc7cbe8866ca03442159a1e58598899621ab34af382ded3651ba937a44f25a7e4a6b214e8d8d4bb29c47376c45b5fabfecefe10176cf1996ee1f8816e86ae10139ff34af419719296d5541bd2e106d1241692792155010bcdaaac9ca288219dd2eca70d968b3de276e6f2430270908a3f671b20663ce062789c319b5b72ef38858b63fb1878c70ed6accfeb2d83cceefd99f6e3b83f6cdcd6378b557071299b5fc7cefd18f511c397916e952801ca7b4f50c29c4e7d00bbd63dd25197e70a6ee28f6cd2dea80a5d5385306f31d727cc349124e1a993b379abb81ae2cb5520bf59f8035832b39ad161e45cbf522460750d18df7bf6edd97e12471c9098acdaf6819875db2f86c8f28acc04027fe22576c2d3b46ea05542ade029593eb5f84ab476e75527d3ab1d74a7eb3663a69333b1aca35e705a5b6c1361d62a5fd406f122b8a56ce546e0ea9c08f2ad046012f5df8550b6f356f7ef06de15acf4d4517f7cdb4ed9a30ee06aec53db397453d7a6d62d5ca6ef9712e2c0a115ab1490b2bb7d4330bb0b6d9146bd84cff97be018fab2e0ec19961571ebdab00063c8e7c8bb64e09ccadd8dd8d8432e32e0a095e0b05b59fb4a1ee12d12ba16773fa81fbd93eeee3fde39cb70f46eda2691f2a7ee2f98ac9737521d54eb70171f1590a2296168da55ce149b6ac5698a3606ffd06db0d38dab789b521b78f90c10d9c40e2b979d10ceec5afd457c3b2115efb8db0a578820c1c230b0e3e49da0b5f2ac25d4dd382d1a90a23aaec7b7b588d9a45925bf329dce36b822a0c84c1157a6fda49b4d1199a87fbe3e37d7e7ccc6dd37950418366730954dde447987579f64ae9265a237e9b542fa126e2f7f3789f276c62f789d8495bb98f09dfb748c0683a3836b97a3a405b5ded6071ea41acfba11a7562a697359e24f9eae796344fb886bc2463f5b1f3530b5e57817ae946d3a00302c3eb91360dfc586fa82d14cad7c85cecae8bc9becf92b8631e4d3a1df08c430c3b1b25246cd36635406d58a647bcb1edd6db17924528816b2de7e7c4b6281bcf593481a5417749a31f10406bd8c494b2b98c46505c99204e91b52f346d28c24a0929a4c41e04d700db831c4b2fe19a239b876cba906578371962f17bf2c4d1d034e2685eb296c4825eb625c0a71b21cccb8773ca034d86d28a6096e54cb2f9651b3be4cd2d0194c47fc544ef5cbbb64c58bd44daffc2f86595e42657958545700e2f73f03c80fd15874e46e571a26241913208adb6f47c23562b89e4fe16427f34a1ba1ac3e8ef11e93f6ac99e0e8c3658c286bce2a000772886ff4d89186f5913f89e854b3982de444f3596be45566dcd432e9a4653a3999a22754da74bc7b72159d90e6b4f6a8b62bc514d9a0bce705c54ec629fa276bce60cc061264396c8539c1d512cdb4197e74147832b181bef028971e76da1a490cb6425fd8eac6ea7e9fde5e5f6f2f244b757d6b23fdf9e9e69a667c666637bf6f9adac89a11ba3d24d3cf408b68ed21fc8c03db72343edb9521c3352652962744365c5d495fd0a4d8461625c54e0b44b19d472314c62e422f864d5c5f41ed16fc3666aaf21eb6841395b6af800b127c66b292e825703915823295f8a5b577f1f37c0c8453428d2401e9b5c4d20a382a1aed87a6d0517d1add03822396b19544bd84bd34626d7dbbbeb5f003b17c9f45a040f038d94a3542dd7bdc691ed2f2dbe0aa5f1187b8745f6980c6564d31cca02b17a54df646d269d38615eee01d9fde6f1f06bb864b6f14d618579f586087a08e0c8648b69f500ad95017327bcbf78ef4c4dc5df2ca0cc4d71580ca8f00f5af72a9cc4cabb63ae35abf65bf458d6634a379583c5268d0dfa857437e2768700e8917960a87d937d9c85149fad1dac58e339893a1bc6313ad3ed83401f01f7e37d024046eda7a176e197f54ab6ad80c840cd9c276de446f883b63630b57178a71a1ae98e4478ee6dbbf5fd46bcbb448a89bd3ca72a93cb248dadc3f16fceca45cba9bce8165b018d981ca58bcf235e813ba6083bde62f31c32b45a54645aaad40548f5f766965ec2858883e429c9d0f32bfbd3edc9d8143505a0a998d2f58e8fb7b7b71fdf7fccfbfbfd435a4b996d1780afa8dd82ad5fe63c3f3f4f45187afef3e3fe0eef3fc63b1c5ad43dc9177e1b1ce047f7bb98c3520b0c952c858b9917a4b214f0a86feb82d5fad52ac82c0401b30ac277cc61590f9eae098fbd4892f3c5e5d30d835dcd0222575a9aac5751bbdf08ccf5a1a1713aff76d3cce9b36cf95ec7b5da5e2d026febddb00e94c5634624f32acae38e9e8eda57d0d53a2a71b316ab0d8984ce8625b936019e895e344283b5dda1f8198b1bbb662247b94f684d2d83420a96c9680f3d66afa5506a808bcbebd2939af76dd9ad1313f7e2f50611f93852d3ce32d9d5d4428d78bcd8e6d75c083b27c8e8b9b404e8c61255042cd6428edc47f2e036165276b39b32c5a271c710c55e4b78a88988be7da2ef969686d2288bd9a3a726a1422bfb55dba860cb0837e45ee8bdc8dee1ac3f3806823b05c54eccec75dccec2e26080d77aded16acc927683694aaa6f2274ef42a89d494b94a5dbb0bbe74b8738518ac0523855040fcabb5b04e0722420ad8ee0e59ed47c834bcf29163ff8f07e4f12e4ea6911eb7f11b626039e4c41eaa84454a343b246d68ebde1f702d4357748fcd506ff476094783468599ce0d34e3da0ecdbd0a8491e90d8f7f9dc1a55c8643bad173b45a39299ccede5797f9ef0fd697f7ade9e9e2658ef84d76fd4f0ca785d983aba09e445b9b11e2f1f3b195dfb101920ba61b15bf0285c93451cd2b9a1f952d583fc241b636ac7df202152fca0cfa584dd58580954f68a8957d1bc5f25b2a5a4865c6f189deac4f33784da34c28f96a0f1ab4e26acc455a315a89d336c37bdb0a1bb17dfe2f72f234eba2c7cf3472537d02d8be51c61ea6d8bea1facf35f8e57009795ab9624598b38e08ba6a45a7a35088ea98d3ba5249d23657ea45e3334f16454f420d5c8c329c9aa6fce7cdb4e5e7f40c4fd1b2d8ba0c01dec466ca132ee25b11cb0e68327da3dc721445f96db7872640f262899369f100696a80961608fbb61c1d0f1976c92d46753259ff059d34ccb32312fa663321c8d1d9a1a9df6b08261b53aa79e6dd689dd2d09d66f41b44b136af433582097955fb8d7917b55ace9e4e43220cb504efc50d44e90fd9d695bb29739230e64b8c1a796a744fd6156d0be008d0810e52565989775b5050edb1f2dc0b0b7cc0e13bed3922027eaec43181529de7aa2b1e683b7fca765ef7f37affa559f31a6ac6cc816e281197a4b4d84d2528fc9dacc7720cd2c259bd4e5a01337fe4cb330036b7abde4ca4317d4b63fbdbe7cf9edcb57fa7815732fee2f9a3f7dbfdfdfbe7ffff6faedfbf7efef3f7f72070298506617635f4edda09ceb97d7d7a7e7177a7ed8e6e1388e637f7f83fd3667c479e248e6c41b2f80634ef54f22b16165cde802dcb716cd98bdce8f0057f614e0628c9ab64c80c5b30160b115c494db17c29270d44ab01d0101577f25c0923909a5532705592995c3cd1c84da8f66d87d88212d2b641037afe063eea034a178175302572d5730e0c11b900d1f4d003c5405c6db806ee9babc086ae47345ed49259f0d488a20a0fa03448ca83e8b1475b5a0c0af6858c5c9de46b6cb81e6a6b9255c2f3bc94ba4ddc0222b6f59bbb878cf3c9a0cd3240eab0d8cfaa8a782a4276fbaa35b8bdd8747935a2c95e05ccfba728daa1a40076a488d57ec5c272dbef21d0dbd07054ff6b6102822b6434ba34c9a28789308226613468b4149d7e448587d0c1ffbfbb6248d6debb28da17631c61d4c45d49d809611d44dfa0d2e672eed0ad092ef5b102b2dfbaf791cbb6ff0f8177581a00ad909b5efee0306d1e9dc64e9e1c56b877d03c34c869cd4984f3bd81e38505debf84981ee9285a4de43e835570031e0cee28c04ee42512de42fc134d15b45e4c79c559b8a64864b630e13ce1c7a2f6ba5661011916e47508ca4a4c1595a3f250171234844fee9c3c8e62ec40c4965f6e789da9fb66702ebfd69a7f8d55d7092c3263b8ca6c8d6c6af012d96afc825a18d43323868b8b495a8d034897ce70bdd6c37ec93728f7dadfbf5216bd6c958626c6a0de4ba7708446b39472184d32e581b90038b11b9c494caa598bd626ac272ee86347b75aff3885281d1a5e1a01ef8b83a0280862569339ec444509876352149fd74d8e335635b682aab149436ae74c52733b2e44e5d2e7f584cd9dd9449c69789b34c2703c9852ce92b21964e7f7189c534348c51beb45dd1500350aa407aa258967438396cc735b35989f40c6f9b4c05021634e8460c3c8693ab87ee3fccc0486daeba455b39dc76e3014890a664ace02f0ca96b351d8b6e0362b56fe10f93bcda368b4cd20613f161dd19b8d3656bb8de263f6b4f94503261dc9bfa9924974d95c85b35412b515d8dc7469b905d88f68ff7e3e7fbc7bc7dbc93978c642c8de88088464c008fa6b59ed710aeb0fe6068740dba99b29f1d27bca1788ab95b8eee484dc5a0c0c96302ac7009da959106a12147ab6de31f7a90d7f682a89842f290856ce9134469ee8fcb3d347c426ea4a79b53300564bcbeccc9787e694eedefc7dc8760db6ecfaf5fbffee31fbffdf37f7efbedeb9789dc59f23281fb7ce7f3dbdebebc8ac6f1ede7db713f0843ca668e81fb8db3ae5fbf7c9dcf31ff11e0de28860f27e89fb33e9087cc5c71ee1fefef3fc7cf09dfe7da325fd0c1cac871bb8d9b8cb2ce0c8797aa1acd6e829a7a499670ab8aab5923acf64aa95f3b0bc9ca5eb7769786060516571384c50dbc2dc174a53bd5e8248325aaef16ec4ef09d0b4cb2becd479bb37bc20199c3403319a77c1e0acc48e21cf0ad7d32f954ee87ebc64e6e098db499620f5ae9642dd37884fdd4981a0bfd8b9eef98db83a096627788a30da6b340075b51e6b89b30e6693e827b84911d2d0935b291232ef3e163672daf47b48be7ba1bab990ed3871964e150e9a9f2e6450b916ec943dd5b6df47dabadb913096a78513a0947b449ba912ba6587663c34ce7931a579a559985596d8a3036aeb67775eb6cbde8a96b3b2526b75c578466b32884f4c6c3fdc21ca96aab29a889ad650d454d2be7ad0c7747cd9a19536eb99c5817cee482e5b2d6be079bceb18ecd44b998e822cb69dfa4606c6c94e1a79ca49142b4d7dcaa208eb17a8fe68d7bd94c61ed83c1da000feb9e29e3d40c0c2cf68e49758d16a2db606e7de8ede040bc04df4f93947aec9b10011d24a5035af2a71ed43dd11528b2be88abaa02dcb7272a906e9cdfe49a04577ce43dbeaa9d85c646e1dbbb9149d62e0d98807bc2ee39724dff4bd64cac0ce5faa4485a143c5182b46659ba04b4b1d09526b73d1d4063d42ce369b408061021b96d3b8be8b1856d48ca736e666d9b1b2f2f6a99063d80bb473bf52dc61e14cb16c88ddcb4ebe78a5cf73cd666fadfa5866f4112755f8891c862321a3a667d34f717c68817c0923793eca6531d2e1af2420492dbf3313c175493e45168b1af8568af06cc0d63b58f1b73e3b22b03bbaa08061f3de492854d8d9babf14b142240f0758b23145caca1d6dd735b4289bd0766186fd33d5ca9793b1cf0f18074cd477c0eb46c39980c725732fd814c63b1dcc8424cf554d196e2cdccd735a298217b579e55bf24d0de18f75492e9c95826870ea9438f610de9466d6e6e255d9064fbf83e211e7dcc7b525793b65d3dda6d6c981ead45c6adc78a41181b2e3e1439372bedfeb24b18544b16d78e8a9e5c54f536354ae192da55d993bb3970374a099c47c745b7eeeaafcc842d597b55471c5d2666cd1405934421437623630591da6fc29c78293de3f9e5f6443dfd775aea8eb9b277c5edfffcc73fff3981fb84eddc61cab24556ff490fd2f3f3f38f1f3fe62e8a9a0f94751701e4dc0d7c21e04e8cfb04eecf73a8cc67a5508ffbbd6fec727fce93faf6f6769b2f97cc3def1ff3e01cf76d9c4f8c5988776f7b8f30087f7b5df4d2d9e3031ed9b1618eb57f68a40abff43b2dce4d0d162fc2e23711b140c51a630d9087905c5b7c4ea8c68715d54484da312972408a6da3cbd23397419ea9c43935733a6940a32be9c2eccab446dc3f30864ac0806dceb8f375e31eb49ecde831ad3c90d29bb2a6227c278bcf4af1f471abc3015181e85260b300603fcf01edb2d37916b4971c6cf71dab170eacc6eeed1aa9059e319ecc74ac626e76c8e97b6c5ae8ee4b8050b2975c84bfb4f11ab6581d5ca3b42a539e8a9259ab6cc1de4321b41011fd4c4d63c9ffbe1a0708e30e16344eb84b5803efa903367f4fc524a80b5658d24270886651aaf2e0ac17b58a88fc1a753ff2ad6eafd7659a074b305432d931cd58588028d6c3d8a934eba132d5a552bef198259d2d3851f7b4d3254ce0bbe77776a38b4b12e402a64cb800189d188f3c5fa39ae391bc708d4181249181478d4c9198d316f7d861e68f782a66f72093fba1f09d97263446deab53e18c6fd32a34eb23726a1cb55ec3039e0f9718b0f362a0bb1e6d5a5493c3bae09a17515341699314611e7949bac78ff6e875a855e8e81b0745465dda9e7b4f5141b2e16b3ca919d3ba0d96b8526cf85c7fc6a6a9ebf48d9b3ef9b926a19b4ba3385fe6b614d791382de96947c57a1eda15b87baa61cfa81d92a95e788de74b3aae14ee5ce3e38846aee0a3941378d0335794b849e83978fde8a87545e91b518e7bade146d50ae081935238ae0764cfbb79df523c78c1aa10c7c2be9508f2ec41decc72c4d218e828ced38cd485688d942ee2f02a7dc81f6b0e483d6ccd13ab92754b1852160134ba6ea6ab9a2f22517db68fa26174f340888a94b98836fcd58af6b1fdbbbb74c09a0f22668eeeb6be5d20bb4e76f2a990caa8070928219d68de6e98be3befd73c23b159a78d6dd1791aba4f38f7f14158fde7dbdb8fb71fdfdfdee6ededfdfd6d02f9f3b8539530c7c2997f4ef22aaa100363fa6b11248cd541d357ed4c1a0eebb620906e653ba029936a90f7793bf89eaa96c70113bb9f2ad3c4d57acebdc971c9de448f1cf376efe08c8d534ecd5ce153e051e8b0f48b5c5244f4b29b53d8c64ddc304f24e912b79bedb6fb6d9eaaa709b9bf7cfdfae5eb972faf2faf13b62b0fd594add2a99b23afdf7ebecd13456440679f30c2f3afafaf5f5ebe10ddfefcf2b23f3d53a318b6b98a708ad0dc6e3ddf3f9e4536dfe94b24a111d412118faae65609b7ba8769593ca540c235910c1f41ec47c57fc8064c3656521d1f6331bde6fce4784a84c762f7e2b6d992aa6e6130603518e71e32339e1bdcce24be903406997b39797f7c42643947e29e61652866828d0c7a14edb0d042a63b4e03b47b4638032d622e857054f509e604676f756a6afe03eaff389aeb893c994f25e923aa7c922da5c62fb6f827af9cc8ac8f8611b3f818c9df3721f787de9dd93861f96f98d66778368a5035a747d5ef85d53c1e939d6b14c910539267cf4aef247217b503c751847d9f4d032332c73bf89f70356c39bdcdc486fcfb782ee6ce72c5bf3d341739c733756495b0350b7290402554ec6ebb27dbbc60f3824372d705a7db211b2139cb1c9151b83832a6166417a3f0dec5d322240d081c827b3c087f06f6c8ce831ec0ddcced2251644bf05ddbe32d54a667f33480564cac3497fc015307c561c43b29e29d87cb2f84d3f6e31c662c05272fcd8c684065c9cc20dde1fd2497350b353912a13446deddfa4435b4eb42870defeb368d2e40e9f7549f1163ebb654988854e6c5be73b08df3608f3890b21e3bb0754d5f0b41880ed83d78ccdcb8dba2dae5c71d40b17b130e075d45c7a6118183c9464280fb267e93461e94a7e6e73cad55a6598cd166cc9f7441a892aaab07bebbc16c6e789d23c6b2375dd3d667317dd77e4f399e069a36d373782e1df894638dfea6eeed3283035a8d6dd9748f426aa1f708e16a632ce2bd98a184015f3c9cdaeaf70585095f16c76ae2981ca154e3b6c49ab865ec85ddb7beac52d9c850be6b88bdb4f9f24a463239b04e4b50ebef503662a2e4c22aa495985b5738e404dc65a73b525e892cb65c08199a660e4ebd93fa18bd8b2852d830224d822f4ef65d6e2a776de65f1bb9a247a1ebd832c3f5cd401ad3ebfb16d3a2a0f95d30bd4d762ed4e2e7893c6a596d36703bcd2cb95578a2cefb248e9a709868f689d9df19b1fff8feedc7f7eff4cfcfb7ef1f3f7fdeef0cdc53b892b785f9f0e809e95a4f2086d0689454ed4c1e268ad46cddac88ddc840e670552e03779a2c39bb957863bcdfe124e0ce716b98edd88b0135e4daeaa38cdb45ac01b9f295f29c1b78851c16e09e293f483e2822fe1b43853dac4413227eef3bdc68e7babf50fcdd0b5b053c49c49dfc7eda8f537212b51fc1b3ba4d728c22ebd47973a7d91c4f96c3414f3037813c9d9cfc03fb7157eac6bc6a3616e6d3931c77383adcbb79bf13a94c055b5a7fc8ee60b88f58f6805cd90578d8879854800fbeb406f8b8af0f2e6ecd9098c1866b493b49348b0d6b898f0e86aa56448be1e1503bf4c13d64d2a440aa77c6ee647a377a58b19660aca8c96074940c6b2e07d1050f46edad6b70ed18e8d4a4b39ac5f0b69809a47719127ab7b9194d23a80b7dc0ca3fda7f0c4efc43b553148eabab833c36f18a542eb3e544534c2bb4eb325466124aa4a59107173c7471e85f4f4dcbd536c0ebb91bf2578d984c1e04ebd48a75473ec22c6571693661a85b6f8b4c391877ab3f8059da3059c65d99a6716f2523d7db20340bdcb796fcf2258bf1b2e0d78d0d5e34f38ce97ab3feda2e3a40c972cc6d07b9a289e05d70917609eb89805439599647af2bbbcb468af4520d6602ee42b7ebe3ddb0bb402b68e0e8ca0caa37b5b115d4bee9a2d6235a2435e62dfafe70518e467728c5d114efd3301f4a83efb636af8c7bb21f2bf91d61a89450bb557c69cd9ca87d2e9bc4771d9a247e28e32e5c7bcbf91f10eb847495758faee233c60d2986b7181248734087e4e989d9e4c9746b9dc732593682b4cd90a32dcd56a75953944c1f19bc7b4d994d65436fdf60d03a8412e4dd273fc2a4264287ec5de413ac00dc41866a97ecfaec6d2bb78335e3c348d0aeb9b274db2989a9713b045580f9bf54c6999f51ab1cee94d0b8c9961c004a7ab6bb10824b62d60760229f148b9c26ab2e1b7716d65b341bc4aed123ea48e434306671d95863daf8b817399a6f2b541ba4cc8b6713702fec42e50357f5d7aa1f4d128064fabea4eeb5c28bdb16920b1f4992a42d3aeaac605d2b14e428d89dd7436d4937930300ac2fc9655298659459920cad5a1e0d0dda8cbc15eb40122787e13eaf2e98e9da299a9a6b83210e3eab5569bdedb5107f11aba4d49c95cff9005acaa9eead6fd28eb269792c888dcd5cd837d7065a1b80b6a580f7df7bbc41788026e37b8bcbd3ccb743c4311fef3f7fbefdf8f1edc7b779fbfdfb77baff3111fccf1f6ff34bda97ca8b9bc922152514d73a71fd174b2b0be84b3b9fece78fb567d4c30cf97c01f78b9d07cd40cde4b8625a49554902ee73ca3cefef48c0f39090e416a8055aad1b3b5193ec4033c59202af5cb996d32371d54fa7cce29514ae7eae62d346a68c735ebfbf7f7cdcdee7d9256528d1ea746e1b8b1877fe6437055c87680ae475bb4b7887b46b231f07eeb4a4bed69030b5106cb01151574d8d01571e64bb8461bba7842c4227a78170c6b4b5a89fe431cc86e3e1af9a2f3cacc1a4d1615c6a62a99ee1be05d66399430ee12a77075c5160f41caf0af7840c17dc17241e2c1552e36b92df62923835c915e10e45eacba283b90124c2355714e3c87bfb22837d731b934c095efae8a8d2611dea6a2d98c6ad245bce5fcd7a7f487200794fe816c75dfacca34141569e41aefcfc9739f71e3da021eb510536a0b78382b34dcee8b544c2572bf1a21f0e92be5dbdfaab60a632e84bda6c0e1636e437dac8663d2929aadac0963ad9d09e2535fe345f193380712c760e6149d546a26538258a6459bc475ae021476df15155b972670f22594ba85ed3b0b7753313ced1c92328e5d340b4ba779d5af93a9c2f716355d130a31905f4ae10d24a8f341b610800b095d0918ada873b0ea0074da4567d4f11d97af0eb5b848470d635f74bee2ae9d068b9de4be9a49bfeb3bbf823e78ae44ec15cd5721aef51b05b5638187707f049171396264dd37345b26505efe829b22670f70e5482e91f146c721725e98792eee7a1a9a9d68deab137a65215717bcf7192e0f9d77e85f7a0d9dab5a17afe8e8dca81b404a88c61707d1048af72aa934f46ed2a44b21d140377acaeec61e8032d820c1ddef59021f1a442930ff72972331e593f6ed427b483fb7d0c373b0277db15468413da25505573650d94936273839bde3ae175d2f5f79bd85cea36cfcb082d1131a5594ee740739270216fafffadc1d14b735b2aa8a5f928998ac800e268e6ae2a43d4cce20456ab511240f5625fe8edd69638ebd2069f408d263043c983d66c6e4c8a236bd2f5d9b4f4e33aaf8faa9fec8cc17a5790d6bd63c8c90c0e35edea2993a21ba0850025e32f73a58c39ca6dfd2e41c8cacdeb96d47277bdc5042dc5cedcc7629881e78736b0f8556fb4afe3a2c145c3899f0879434d667d0e8ada431e43808af1bac89b6f15b877c7ee5b77c7989eae430b9a4e247312cea6c814ed8f17cb2ae2aeef1fef1f248ef9f1f6eddbf7dfbffdfeef6f04dcbfbffdf8f6f6f30771f07745edc31bb8126a47770b83e0e2065a2a53e85022942c89dd2122ef2062ba38958e6123196f9969117f4502a5ef837532f3554de0dee7f7900dae94a73fd5521722e51abea969318b175994b930b7898356e171b18ec46231e90b091d8fb9dd78ff78ef5a429e9f7c79257a5d62a8e9a9ce41358f8f0f5ad0802732ebe321410b1f379609c92e6b9e96f74181d0f3ecb0d0f21c592534475163d6054d6e245f9dbfffc6f29ae3e9a04ad37970c03ba5d0920100a760f865e2bab9565b86ae470f8b171b2e360d19beaf5b3568298f0de1d739add81e30ee35ce032e44bba2f6cc0c9542bc5e2323f5c2e42ed1ae71e58d69771816300855c5d23cfdda3520c4aa7b28b07b9c321dc6927736e61077f0242f4c5c67aaf8a7529daf535dcd99b96baa29d72ba20ad0ce49b1ea95341533f9d3af786f3868660fa0dbc7e392858039eeb31023c5ce1d13418f8fec9b56497c543fb22964eeee55074ead7760a6c66a8734960d39a4990eadf525d9857b753ad81ce7549d55488934c52508d61632531f4a0ab8e0280d6f15aabdc69765e116449f0c36bcce5ed0adad504da587c6534befeb8874f356036e89ec18596a02d92fd2e3a7cbcda2a8c013a8722e98b195aae194852999c0ed52fedb18b86b108b03f7648ec09560753466ec1e6e14a94b35c5fb1647da84ae6a9a642bdb5a1fdc39ced7c21f34cd164bd64acac5412db6e5ceb8a49571d44e4e6bf79f7356a7db9d80fb5d803b193cf872df93c39f4a33d8b0b175375f6d00a9f73044f63c7a814b803d745d13978fb39ffd80246c17c8eebecff9b11fde60c7f94cec61a193ac5e6b61a634950b28d56da404990cb4199512b907c96386d9d9b073bdcadfba398b2a70a7896f488baa72988adaf9feb6cb8d368119b20b8897a68828e6d8a41575ab0c335bb8a242184ca189bf8b68f2b1af91d30ae2aed2c5ba32b58c0cf6d2136aba959e2bb37ce9e6972dbb37d4aed9c8450548ae94f58690633c037a64c6aca682a65a54443dab003695bf0afdcef3ac8710f6d631dc989872ed6630c32b05ad640336f50e91e74f56bb23194c243bb4c4b104e10297086d0d4d087d9a4dd00edcb51c6e3b43b49604f4c43db0851cd093ceabd2d478570400acc9e165b1820b23d8d5de51b43186da3771e7d36e14d3b73976b71e5ef3b7efd9ecb35cf5550167b57361da91390386801f3f3f7ebebdbd7dff4198fdf7dffff56f02eedf7efcf8fef6f38dbec8b8d050fba9f15c10663262c43616d43e14bbfb6902ac264659b35562a59b164980a72a320b1ec3594011be33cc94db21a814c28bd63cc12e3190b068dbdb12e4e9f512b42ee842d0b7b618ef5db51e2dd53392c28b5b788ee481ed9b1f759ae0db31dac1474ddee0d3d34d725bc8b21eeeaca41befefef3f7efc789b7fe9f4fca454db06fbedfbf3b7ef5fbe5237c2dbdbcfdffef1fefaf5ebd3f3cb9cf5e6939316c6049812143587d404eee704ee13a8f72885e348210eb43410856221ee068a46f8fd5c9dfe6ab4cc25263535a4846d2196ded4541e59b7bd75ac5c14f500adc43a67b656e7475fc18cfbb32f0dfdc928d9b8353c8ff08da95431c01b9e405d54f298bbb465aaec63185211db76d41b6177c174a36b665e9223651d6bf21c4c067bad483b0d51a2a6ac88ddae4e3062d7a60df8da24d933e3ae8854bb425519d2521a685e8930d565b1d61273aa6d66e26b5e023e5e115bde40012c251356157455cb285b062d89dd01ae8c7bead433ba418b84cd0386eaf76504ef4dcc7271f61e281bd6892071646cba21915a2c091e4b4b4f52d6949235b62579a9969dd43d9e1b8b796760d56c61e03d70b5788378da64e4a56bed2d357538c16202214f48573998add4213950427d8f5230876c5823d69e48775ea75a498f81704de86172ec1d9796800e81cd9301808f8f14425d651211e296ccaf42de0a987356a0303461ef5e06b62ab4736586f92e2afa7e10d74eb79f3fc9744dec1bee0cdc65fb2726a0dd9d26ba36f16dc2fb568b3470312e88cd628e080638895c9f8be249cf73c0a1ef1d7962995f915f13b9f3fe4038be2de217a1cb4c468c3b2c5299588561b5ff970eada15a7c8d4a53f7e9ceca090cc3eff0b6b63994379a04b24ef6c43dbb96b71cce76f11a6219ccbec3130377b927106ff05df68ab0d9d45a048598e5ad8f50b837017737c8c4e636b26690502c48931b8530300cc4a3051e4137e7e1a1993d8c9905b64e07eb12919e274b4c4d45e01e8e4c0097888c1af71bc240c8f94226700bc6bd37db30b7546f29a83d35f6e9a4b261cc585af3478d2eb2ac777ec22d8553b4125bea67c2838e74fbecc6f75e36483467cea0c60add4d2a23cfc81e0b9ee9355c2413e1cf291b2465c0430a53beccba500f392e7d7a1690d49559e7f43386ec46b7efe6f9687da89b2963522ceea54f3c415573a247ccc1d91a19a89c0129f3de276aff49a8fddbb77f4fc84e37d6c9cc4fbe7fbc13e43ba925558f9d7a7070522a188961feda662ba6150d73566b1a170d55c5e2510f569fe3b67595556951809500c3acf99a9549d8f416451ba3ebb19345c3a763c04fcd4d102f2684cbee15eb961631678aa4d2d543d13ce4342e2d49b306f9ac659f93c433fbf37d426f9af7e6a97f9a68fc272d056c0849214d84a7b5a24f514a13b8bf91a5fbf7ef3f785f75703752df6fb7e797d72f5ffff58f7ffecf3ffee77fbefee39ff33fea2d33f0b89343d041fdac240210ab82a7fd368ff0c1bf4083cb45307172801fcb3c783e1e6164c65de5aad11b3974b97dde9c9abfe48a3e680f3ab633c081149388ed81ed6a718c80f0892888af25e4ee4e4da2079a0ba039a34afe6357e7b4e45de68299210c9101774df6c8d18d4b3697a4415b4e97a4b10e05ee2cfbb26894cea2e9ec8f10601d16a3b304a394f6c0a4f8414d2a17c7b200e15d2efd2e2eb709cc35fb5f71a688026ea5ccf1e21feceef20b5c8eb91b537f576b8f5878883870ef805a4bd3227047488e230312f86db5a278616e0a76c7649a14291f1ed2677db76c61d5624781b90a52fdc5630a069f3590f7658baf5ddda564f8be5e37586dc9d88d464692289eb255374f862e5d4a4a323134ef1d7df116364d37a9e85bf468faf2e5d3714acf012060c6c48ada159defe0b21961dcb73018ef02dc639704de6f2fdd5945da6ed41d44a3479687f7a45b585ce78a31587bf07f0c5fcc105841ead081b5301b9167a6b3a5d95b51bb02f73be964c42e9919f7bb00f7d31877997844c54f2a12aeaf6d5d196bec960c56807b134b22cd08d7a54f8f01bb5ab533b2ee71ec83a6b26df3492e6d8d5c7abef5939b0ae8459c32b35373aa8bda2b3912f588d4cbaf63c3e6ff26e5bd9eea30618725bc14c938f150583e4cc50ec7201bc1932dbb8616788c714fc09d90ba6277b2acbf89c6dd5ceb05b8973c859251679c585156b1125aacb58432377c8bb682c442d220ec595424d6c34877d48b4dd7779986d12bb6f24a86b420d816456b0ed2dba4369a5d5b1c13179eeb8fe0ee7797a69e9459d49c4d73197d77577bfd75f000b8c79697a527dd29353def5d1616f4765f4d3361a51182697bd5a810c460161a5e84e278c9124cc6ecabe45803e6bcca95e8cea6a9e392b8042d74edb9a7dc6a518bcdac29b660514b2f353d48e917eebf22d65842b4135edf6f4fdbed6957d47e53aeddfb50ad137fcbbe06d057fd5346a0a6d62b853e13ae6836044d3a13cebdfdfcf1edc7f7df7f7cfbd7b77fcfdbbfbffffeededdb8ff96942edc4b5533f2ab1bea7370948d4a7b68a6f3a5c2c577e285fdedc862229c4a146c8d8a6577b36301a7b4f6eb397540addab833b50d397a95cd749d4279b76ed035282a4e41643b2925850488e02c692b717dee335dd63ada655ffbd96ac2fe5d78fec08459b0e3260c70fdee390acfcfde7c7fe746bdb3ed802b93fdd5e5e5f7e7efffa7302f7d717495f1a16f2c1278d31f8cfb737f5e8a48d9560f78d62575fbffcf62f3294fce73fbffcf68fd7d72fb7a7679a70c8e3f3e3f8a046055e5224a69cc61f48c4a66642b33c9bab31ee034904cf26ea0bdd39a36fb9bd9f11927767ada1e42e03672bb3f6cd7d65cd4a13bd330e535771f15e2e219360e15f956cef2cae0851bba930394d670c5a49399b8f6f2c5b91606d1ae2d6852eedd4f2ae65dada004f48e60eb52b39857e80769eb1238f47460fe5dd99bd1a12e81398b90366085bb3a255233bb4d6da4dbf8cf66aa4948922a2d0d7c0ed0904da874ead6a2833eca786293eb1946821b196d99da9256fca86cb6e0a16614cf26eae29e988abcfbbb6b64bc08ad7935b38caf09bc1b5a1b567fbb610f6142b1edbd30f6313849dc106885767f8648668d3116a24456575b3d532ba6d9d12e005afb71cf69ded2f521525678dada52ab89e8040ede6701db2d294620dcae9f60eb587cff629a3451d02ab039f46a29aac2244325d38f5cd15edf24081bb7d66dfbc6f35dbd96194c4821536219ba38a2c38aec3b228e07b6d606d970edc92c20466ea175f2e52996b735a96514948aa2c9c3c0f2b6a67e04ed8fd6e8cfb610185a8eaa28996c7c631441b87897abb1768a25cd98629d4a09a36994d015dba5b04479e09bcf15475f6f370cab6c19282b365a27dbe12d493a293fd5ec67d6cba21a2067524d15539a2ef486b01bd69fd51f622b41138d58ba99d3c8b6a6d8ce6a1038468a754c09397ee73d3c11a23ce6e84d103b5b3d85db03babb0c0807bd5ad65bbc045da29bc464befa373df594d0ef0563d84a5794d53e059fb86681656989c68a997454b978b57d1b08ce3e6175917e9a42e153d4cab943ecbe80e6adb7ff4fea3db36a489206db5bca9c0e6d360b1c289174af9508e4eb71d00b9d3cbe4a713841a9fc943b4e0a088b2493d81497a5023b49d232f0e8378d134a3c57b3a706f06dc9bc89354df1e76cc16f312f172b97321720d5b31c1b8e8a2c03932dee32974915025095660a43e21bbdd846eefd9a6bd6fc9c128fe644b0b5cfb6fb084be85408f4d1fcdf5714e342c6bff4e8da8dffef5fdf7fff77da2f66fdfde7efc9888f0f8f82065c599389961d8fd0c997bb3d3aa722363dc47c4fa61f689c5f08b6c297e49f0da301e9e61399cd4fd60a3bd376b2d65510ee57b0245434b8ab9ef500678881324653d54c340acf5f4bc2d5fbd4fd4380c55028f7065e8a13c2716d577191da0c625732fd49000f4dc176dfb4fd8f646532a9b81def6a7e7e71fafdfbebfbebcbc90398c02f72179da4cf7485bc25d081e32c5a420540664dbedf6fcfbbffff5ef7f7dfdfadb97df7e7bfdf2f5f9f9f5f6c4c94f7474e692f2416e3c6479c0340705a5faecaa12587a8596f2a7c59dedecd60e691a3789b5c0d6c3b43eca73291e07d63e5e5c6b501778582355216df3001ecca9c9492f2b640cb40f9e0ed1d13ae3f58d8c76742b2f79dc42840fe561b53027fb4ef0722e4aa3aa753735580cedddec45cc7990f70eece3ad3d7e6099970aeb0766d45e38fb25b7dbe50bb20a827894a90c4762162d8b5abbeb44dcc3adc59623a5787dd8f1e921fd19dd4429ee7806c56fb928a2a0ca661c5b42bbc815b1658b322c2a9a7cdaad258e8b0836533637acac7e40550ed5d63a79b0e2ae3155e6c226b31624b3b6d125788816cb0379cb8ebff4a18a45147324548d64438062459a7dec527da9e2282ccfb542f606ceb085cd0c7a1a95a401634f18a743ee750c57715daa18a26c5c12da427761743b8825d5ae743bcbd96ffc583f43c4a1648d68ebaa56865b099374a568da972deadb289a05c5de92354a2bb9c4f04896dcaad9af4a85bdf7b6a560ef1acf5a9253a35c7f1a7da28cbb74a61e73b5a4fe546a4f226b4861dc59ddc9411b4a9891838ba0761217442e267ad66f6077919bb0b99da8a391750b675c289a94a8f68b956b37af4395d76ec97f73987e498eedee4186d11c57c73624b2dd5ca95a8ad61215576f5a97b47298103f20a4bbf6f89348663482ec27d3ed9b2c6c5ab432c98dc1f7cd48f7db5c13e7bab6b16046778302dc4b51a6e9d2c569e4117010e175d0d5105737d7d22e9e69bb60ae3196ab1060361778a428204c7421d910b06ca6948849a1e81a7707ee82dad1edfe7a31fd81a29529fd8935b4a428c87336a2032c5cb7bed9b1be656b349d94a487c11b5639f1039a8514fa7ca3c21921dd63ff5c12f0c2663beb2d220b10bd70819740585e2687b51e2dea62f01d8cd0d3be07005c63d98a9bfc62ae89899fafae67b6b8f7f0ae9281695cfbb63b6a67042f6a19b16c976e7d082ff65e9a0a920d0a26d978e2b786595f86f5ac3ab25017fc44edff3f656fa21e49921c699a9a078eccac835dcd26bf5e7266dfffcdc8eeaaca0b37c24dd74d4f518b48ce2c0a8d4666e28c7037535315f9e5e9e9e9e1e1dbe3f759b53f3d7c7d7ef8fef2fcfcf62a25bbf6618cea01d65e2fe5754cd194126b17d2fce769b1540d3a8f06ad2b5e13725005dedc55606779d6b6e65459ef268691ce3eb92bcbe9109e8e13a7380c2f488e4cedb0f3455c61bb08cfe33496720679ea9d9b04ff6ccfe764065c7d38bda7d8619bb31cc7b1d09b3860929524af655a1b4e4fb7a787dba3debe9952196a700402a680ef2352c74b1b48d688c7a7a7dbe349bdff70ff612631dddf7fb8bdbd93005659ea5239b68fa1291fbd7120f8326a84545ad09a37c36cf26e83eead076f1c8d15ede2b052a7fe150b51b8b38884646c93c166ecae605a9af09468b7e249b5b6130b7e51ffefb478cd0c7c64a0c43ef7162dbf87613c14f425edb7615d6156e68f77874b42aed9b09ae5eea89932ea335b583aab83bf8b2fc4918e0b57a021633db50b0e9251a224734e68bbb5ca18a432726cd07843399d00eec62b7875b876812d3248e6d7a411b6b43f9fe52dc2b3bcf14064d86a7013b6124245534009f3fcee248a2a056ff4a3d23dce8e6bce0e01050740c0f35957d583b7e1614db7e39e63ec9302d233698297eb9cf262262535038700700fb44a6cae96ffb88c94996935d75a08625e360c3ec311a5bb52915a51e838b2cd8099d69ee80aaaeea65e1548b3791c8d4968ea9793708a4de96ebe2c2cdcad3165d65591b997c27da10af50a055deaf83471351ceff7b095f78b4a7d750884589b8b2a868199c7eb601f599909805476bb53cd66d3fda8d7cf82833c2b55466bfaf3798885b88bc9248eb853043e43d7746df08e7b8f46bb931e623f9486fcb0b21d5909c773ba6fd39cda03dde34ddb2d44ed8ab2d8542323ef8453ce1aa5a75651c6945992641748515288066c98faaf9b3b8be338e5c77ea78becbd990ca6f75df287c76cc48fde0c71a14d37abec4dc768781915c6a848267532d39caa9992a6cd8067d36e1c0d891a25748eb0a74981d119eee8a1d224ce04484af6537ca750ff623050cba63bf3ea30b7b3d7182d9bff5abbc34abdde060401b654757f2d79005cceeb406ea9ede576852f0990c1b6e099fc69b373650f18a2c9a27d5ed443f48e2531f63e4b1d94994a831be70034174b2ee483c1a1bcce9ad315e0b1e0714db2ab3ac68b44ddc23f04a4e992dde6d6fceeac4983b5abaedd5becb7f23adfd9ac70b7554f6eb08d805d87f22737bf87a03469fcbe3d810fde5b056f73aef7f2fcf422aaf687298ff9fee5f9e1ebcbd3f7b7976771c56b3b967bb4c3cdab38522ae3471f89fa55b2051e91a66d341f126adc2e6da1bc025f74add266559f60c279703f6ef8cdc892310f31cbbaf0d0e4150ec0899f4dc4d78fb8e1a503dcd0d30aea9a682486278440961568e0eadb8b634981a778b6fc5c3276ce0c02ed59a8e57feb6f9d5e7b7f3e59f456f12966748657f1b37b71ac869363375fe6f77b5312ffcdede3ededbd70dd6f05fe2871d9baf93a54c50df77e3585965e0e5d63ebdc923272da37b556cdf6cdec1dc5668f9c642e72e88bc0e52bad4ae2c6cb1c84601243983bec72a63834f11296ccb90cca02be6db2736e0d534011580dd2ce3183068f7d699f55fb9cf4ee5e4425ae6758f5cb9d33ad0d42192c16a25bb08615a01c9ab96ea366adc547000f5a91979bb19f70ce692d7cdd51451023038068d9b848a6796b37b4efac135e91cd2c05920a8aba042bead10c216be83dd6f9bd420d33ae3467f85c445158362dda345ba15a49faf1711835db1922d7b554ef8d160c0d1219503f5ff6a43cf27ac7dd6af769ddf12cb9d088c805dd439269f3619df921dadee380564f5f3295a21ebbe2b24e03f6054460ad07c245ca257a338702a501e1279511d1e02ab0a242b3f17ad7d1a1d6526a8ea29db23d29dc75b1709db4abd8430fb3b92f6b931ebcc7e2c007778bff638dfc8335951094b89ed05289dbb24cef485524c0dd5ca581c4ca811d77be58311a2f8ca4a689baad9a006c541d69a956bb9bd2dd58905eb8abeb72eea11ac00556f694367137a120c1766664aad1829a615229b0aece7d76cf7a3d307f197165f298dd29d203f81651eb1fff9d226f95c0937f8d2aa3bba218db8c09d3d45d2b3815f148c9b2485de39fe24bd9071a02a9b7930210d81a430c42844e61dd9d5ff5740ac10c79f96e579416ee8c74735d49ba42d85ccb31226566ca6a1dd3e8ed765ca8dc5265b3b6a27a260c854e2d6764d179a1c3164aeca96f046c4359843dae320bf7060e8d2b5d892a14658cd200d50c846ad46928415e9f4f0d89eb935ad2cad3cda02e000a033567d35d2bb479faf2c381675abb6ab06863d2a72b8934e1308dfeb9528ab955a4127b03626fc1edb5364339a8addac584d2e31c8ed648e06cf2a4c0170f388ee00907aedc3f5244ddcc76bbf5dd6f6e7305540aa402b6a2d9b0f23edbda3a06d223b2897dba374c9637e531af8f8f4fb362fffe7d5a51bf7f7d7af8f6faf4fdfcf6cce777f7766604b984b1697c73f6daf596b3d83e825ecf6c2643fc600e7188af1839b93c53b675ab567dd7057bf46deca7693f3734462691f46cb70f4fce2920cc1523cd975e89946d5ce2627851d9b8e1978ac9b6b0718a49330f100dd90076e48c9e9ab19e74a23f1fe7e3fd33b5778f67ee1e1867e9a95acdf7ee32559f3c0c61efa846c9a62a6f6fa717335108a3689e0e6f6654d3ddcd8d96f2db665b62f0377625bacbb9eb28d487a5ffcd6b4833c164b73e49277948a6a865ff057a86a9f65f1b5f1d67704950cd4b80bc73d90ade9a573dd8dad72006fc6d90f866ab63db2014a80837d2ab68d39ea92ce1b37a5577eb789f77abef7dac2709d54a3a01efbe3b18b5e8155ebb621fc53ca0c7d2ee4325315c538d5fa5045073b0cb3a85fed39a60ac7949b2b0b295e29a852a9036e2ece9448745906d12ab85e202ddbe1548a9a9ae5368d33b44f8102add4308cc1e4b1a683dbe802c713aa71814083ab02a0932309772d797b4ad31fe76d1b6470bac639448ce580b161e7bfca9181cd9771f6e6bb7c9b0197633b889dc77d57cb6c6bce072c849ebd8688fa23f269771d9a9d54be01417f197388f60d03adab2ee72d901e918d78e06d9ca18aa5db563a6b92486b1261aa4f49a3342ea75cd33dfa210f40e2e92da4f0143bbe94be11e71aa1e30d656aa580353292d4f734b4e6b02ecd60c415a60c757a532d1624fa47ab24356ef401d060dc6929d77afddcfa156dcb564d7dadd78328a94d947e0e56682dd10afbf259a3ad1687a5c688beadd5befa1c6d65edfd4f1e991995a846f8d5ef5fde81ece7cd0acdaf78cb82264449e7ac970f7f4a508af210ca8b1809e1887d9fae40a70a5db8c11fad44c78d9d5993abb6c2cedf6e8bada04d29fe7e6bb5d36dd9524e34819db14b5ddce9827ca2e9a887ef9c83ba38333d1fb3f1c5c912af1588f2d2091a6dc6af4e6ef4eaf09b90698450b0939da443e60550372d040ab639da86a966ce51cd96f4f7a67cbe5219ad22966a0cb8873a2127c92c96408dcd0da5daeb8b828fc5777b9949dd8327f0e483815cf2bbd4a939d65d53e8c0260e719c6b426fb2e631e7bd90ed2a9f228b642aa19b3d42a961f7ecf8bf902b47ca364ccf86a3507a94dc70da950b86f9bf364367d3da94fdf5364c18fe4217e4bfd99c3d590c70c5743cbdbe37f738999409297c787c76fdfbe7dfdfaedeb04c87c7f3caaf6e787fdedb98df78d580ab31bb9f5676af13877b3515aae20c743ed1d77625306cb51aa72f2a3a465bc90896be6d772da0b0ca8d0affa3ecee759becb86622e56e1cc102879e29080e9a894b20b5e451c59f6d9c734aa239645f311c6552ff7b9a4a4666f913813755b46d660d26fcb2479d39491cf64545c3dc805656158999a1995326e2a2395807bf940e9b773a006fd6a38768f76166acdb9bfea4e3a299047d57e77bbdfdddddfdfb7dbdb769a7bb3c9034548a5978bb622a77be9d4458b7373be7dbfb9bd9153c0cdcdad34667749831c6c7d34fde5fa853d1c78aed4aab0601982003c8a4b74d652123257203fe1221b9a121192d8446f8e9a67f9be71cdc2c5fb88441e73eca6532430334db4c6861f41e710f61d477537aa8b853cba3b0a3fb5cb0cc74434e9e75aa7cc2b642a2a0a1b94ebe9d93ae1220f72bc846e45f389ef0ee7a6ec9cf9afd26aa8c818545805daa29f2e5531008814d31869f3676c8e90a48b612dd4ae19930d694bcc4c5515911fd92a5692190dac4a84d2ed7c34749e5cca64ecef474516e7513cd88decf330f7e63b57cc2ae13672adf2c83a134df949c9e6fe94d39e8cc9363cb0eb15d74895857f2bca2b797886ed7d62df0bad59eebf388848c106bc850536ad5829b9e514907aed4e1e0419e15d2d6597d4d29d21583e5196d936d43de5d4a1314be17e52c18ce13e124158f2537fb0e25f42fd51d75e76e12b553be80016ee544d2d0fa5dd4277c32e0c504d8144e410e461914b266f3feb1bb518d95b7947b3997499e9858e2e07fe99f1e54d76294d255641099fea29d2d4b7484799511cde780d0a835b6c50a94557a22aba54eda5dd0eee559a7546a685d2950094bcae090ea896b2dced07d563119948c4baafd90e9d1fb993d6ee321d9fcd5a7f441a847d59a7608bc2bd2bc4dd6032929fda3715d30899a29e58d96e0059fd874b4538b0bed90fe6c54f522c68d1c78bee71119cebaacd6e45087169f40b6dc907cf6710af5cc8a6ab2a10ad0831e18ba22315738dcbe2c0a52131501068ff48e673b1bf3090a7760b78e17cb65622da0a3a8bf01c067d098650262a14272e2197ec43d6012b6ea4783aff0141145eb8b38ebd47a68ff962da23482f1ef8b4a1d25ab273c3153ac92dab4e97fcdad5663999bc6056e45ea95bafbd67bd7ee3f6fccda45e66bf486e275514398c681a3e81c3a25065419197899b7d79797c7a3e2af5a364fffcf9cb972f47ddfeedf1f1f1e5f9717f7fa1f17eea7c771c6a6f6f698ea7264ff558b38e4beca8e5e86d5e8d922bc8b113ea83c8c91149910ec6b1818193a1846b17b53bd5a9852b0bfb3e8326664890141a32f2b7c5149808a6c8a75a213b57bfe0e21629474de9f81f527faaef0e9382004a8e1a1146df834b5d5de014233cc711f698e0b801464eb3b270ebc44aa218e73678ea5eb81fcfc1ae5d1cc5744ae589e6d0796b88a755bef379ebfbfbfb71100ae6cff130de48d75d0105ba2da966fef8e3dc48e6c5b0ddbc9dde6e6f8ea2fff6eef6f66ed714a7e9f654b409945861406e5c66acd408f8b3ad9cad8ac6281544bef5f292847cfd29caf853b7a806fb3a64381b2ea417b229ea5eb80f0375658a7da3603d8c50100770c6bee86030599116c0d243565db91a09b450b349956d0d9e4c8f4d070ed7b7bdaee95701eecbda3daec21efdfb351390bdec51b9cfd059689707072a9de3f71f517c66b03751d091782998ac780576f20570d51e43060f2b73525c5a0c8107c70909ed4269afa4b6a00a98d62a10365b0eb54cc2650628552594626466589c04567f6acb1f9eaba98a42a4d550984a2dbcaf6c04f6414e6fd06bbc5b24740be4bc16342561cc53ef06c81f319b239b7ab6c70d7f0501a997ef766334bb3530fa6bfeebd4b58b42e638d24fd3bc55ed7aeedf8c27b39d9c1b63f04769b76f5b46753a3edc0bf744da715b538652db140e3d38fed4535b011f57257b2bc2095e6af71f4865a207eff4cfa0f7da5006ed44d16e3f63b52e0a197db5143cdfea6ae3747e29997b89194912dda4bad7e1a919637a46c6abfb29b33eade7aedd64f1aefab6ea39e942d1eac12891c2bd4be1eed2f68a9dd94e54a233d3a78595ac67ada7ae4bfb1343928c3d72c8ab66f6e37fdcb9bb0248e682333a43c94eec4997a1bad6df5647ca27d7b5df4854d7c9b9ffe639f1c65d5618da1e5682c09c07cb0f35da1203d030dff30afa0ce200e09498e90b2d5251212fd2fbed217fab1d7b33c5e52c79919f03a0812ea3e4b3afde22d1f2d2b8839a1d93b61004e2caac63a264e7a03c3da6ae9531f32e5107bf364a1f517950c82c68e02f9ab538a85887c4abf6bd16ee9c853b05194bdbed133f322ff301a71e4e4685a9543d3b7035e102ca0ad51ddcaea02a5bd1e95300f63737eb28f0d115329b15eee6ca1705b28adac3349d7dae2830b915332c281f43ce2ea77f898498c4c7d7e7a36a7f783a2af5cf7f7ef9e3cfcf9ffffc7c94ef0f0f8f2f2f2fe7f7576ae79bcef73792d679d4eda79bbbbbfb9bd3cdf1d58f826d8eb8cefcfe763ebedd3e46142b84a68cf00a034575914870a32b93f42c86d9ea94accfe676eab383a3f27c9f983e392b2acf92cd5b66b21c7bc2a95ef84c25e407c7dba52c68e07b04664946d9f105a5bca865968ab0f1e559ce68bd38ce26f795e7538b47dfc425e2e8dd0b0115f3e98db04f37304d400a66c111fa59869871b44b1f40b8f9484e5d969e878655edb2054d08a87ce3c9e69a310337ef77b7c733a19e48ddb26512b2b720cb507a52e84ad438853a9af8da743f8f563038898666346b6bc5428bca0912893c2f43fec5aaf6766a3836c52f2328ac794cf2c2bd3c83c7d17f1785e798aabbc6c5eee6bfb256aeb2a668876d5eb21a936b07013762b1d3037b033e5f59f3adcae5cec52136e07ef189a51a61217e18572f4ec11f9a5f45ddd4394300e5f4e86ba93e6ebdc4cc5b2e5e54ed75a44b4ba4567228b28522f3038f6e65b31b23012c758e232b790fac6e38886d2028e73592b5109eb38b3a2c28153e896ccf0d770daf33b46c2784b4b574dc0bbf208e7a04889711e1ddc47e4fbab785e1388f3a19ec7b711e673c3d90619bf676678b7a7d1aab754d1c8999c91e1a75bd602230d1c12f423c93aa5ddbed4678dc36dfbf4426b761d3dddf51887bb3b4ce2daac34051d6593c060506d5868a2a26a81ed4961c7842113b972f1c3d2e22e6ff2981b92df91014a48a8ca64a7f588864acddfeee4db1b3eada43da3e1dff667ee9eb45a8d413e39ef151be4b5abceeecdd2141a67c53e27943453acefe43b19cc472711a37299c15ec3211b7fb641e0c73a9a6b49dd4e5b4295586aa4e26030e16fb7439d89a055bdcf513e4e27265d3d368df5d8786f323879c59c7c8623dafce025aaf5cc893be6a9caabcdfcdab9f1df7acdc8d16237a76912889a85625d46d21bfae1005b86e1a04470515704d2a6a8161c436b72f4974113aebaefdb0063aa96241ae141947fe7ff224e11d1fd0a1ff25db60085889f39e0d4c224d96fc7726c965e99a92531e2d007a5009b1d29c3f57fcba200d2c07b1fe315bfa8f04b3fbfbfad6e99b312e66c7134e8892be331cd5ca196a499d4d03c85eb52fb57ba3c2e9a6d6ae647fbb98ce1832c6badfe40e39cd26a9d7e8e9409d4efc298cd9b6a8daed5039574f9365a5621b532ab1866999c539acd73e7398df941bf3fcfcfcf4f4fcf8f07854ea7ffef9f9f7dffffc6356ee5f1fbe3f3cbfbc1e1f7a147ca78d3f1c3fcef13bde1f6befacda3f7efc747ff7e158898f2f7577f778dc3147917c7edf8fd77db6e179d35b1ae44954e25880d79d71a245db402d05a4a08562a0343840e5f89e24f5e20c8b23d3a94a8939ebc87d0fb7961f84e14c45806bc4e4a5b570f41938e04a2e7a429c93174ec8ad1ffc500fc4ee2102a801d9e09e89a01ed01a0520648cb53b609fccf4bbeffad5c4322f2df2776da2f3594cfad114f020599347bafa7c7228dfdd522997cb7e33375e21b60ed9998c302935fa2e77c8cc323f0a77650dcda69c74dfce52f10f480033320b56d2291cab6c195c41f98aff80d3da1a2e57be1eb19316e138f45378dabaffe52880f41280a0cd2a9edc83a9649d4bfd3943da811733bb477378d1ccbec6689a6f99d7e0024b66a5a85b6a659a595504656370a0b62361851ac56ad5fada20108050d3ce1d24783bd7ccc8e20c3d23a686b5bb747b3be5c4553344360827e971000a31a89fd7a9b62be3aabf708353ee224362c1e75a6ba99f34fcde88a73b41639a8004673474407bc13216b2038a2e7a564d1cbfa6d5b709f8b475a833444a314318a90551d095aa9d0b533612d55d9a03e970526dcf6bc733e45c61aeb12d58b88f80dc9783c708aba4e764d4c6e544f59a6e5466cb3a4660ec55a58fb3bb87429e9159db655ea31852156fd5b6930963d459b38530c6d909969f6a594bd44d2ad3321f10589019399be5b73ec814f2732953154a59363cf0af369866b47a900bf151cb00be1fbed095ae81cab5741e030a991d5397a46a7fb3cadd9bedbb35dbf76157557763928de08aec61d82dab35af69892ddd526e3b2dd937c18cd9dc0279d455ba3632bf20c6e1b254cd1f60975cb98d771f8050d5b863cac0c5172f90d6e426a21c555befcd732a7af0703ab5caf2901e0656edc6f5f33b2a3e3ea0902797b907dcdd2f2aa3435b427488f3f4a99c4704cb87d29f65a9c30988fd35563ddd6eb460a66c1a4069490a5f3a2f2fc327ff17a8138634f6da3d4c2ce14a5cf00a6fc049ddf3e13c9d22baeda51f416175b25f7b24f6c05676463310d85d2e192cd4b82a25fc544051b5b70b2a5368a10617fb8e0e54875307f95ae12ea5c720addd6984d0df679e1a45d661a2bc602f33952261be0509569ef6245af4ee094a5dd7bbcd13525dceae55bbe55648c96ebd0aebb807ea9ec1274b088f8986cbf0e19ec72abdbdbcbe3ecf7c4d8943fdfef0f5cb57adda7ffffdf39f9fbf7cfff630e339dfcf429ae0dbe3d6e0dbfd6ee2a16e6eee3f7cf8f4d34fbffcf4e9a7dbdbdbb1f3a74f4fa7edf6a8e2a671feedbcbfbd0b2d559612cf974ddf169a39f9c288ba981521041794ef14e60ef2eec7c46b49bb93834d292118b366d5be3be3640722814257cb57c032ab821a4b45ba52db37aa664a5ee1342dd737e8b8a76a3bd41c34c0c9cf8cdcaa06eebb148bc8a8fd781cd400acc1793a78385be0c7ae6221bfc74621a9933f23533a338f6b6a853daaf6f364c5cf6b5559374386c156b80f391fcf9df4dce7e32c29dc73d316adfb746aa86c722eb1ce3ef51e29c8235a0986744f41bbec7d5ce10cad52992b80202a04db3c2be9d44f1ac7dcd6813bc4646b07e7ac0a8176de957fded0f9261f2c51b2c7db7d48c165d18823554d6c0a70905c0ee610c948e3a673fa983187371651efb3dbf567ca8ab1b49a4d3fdbc9c250287872790929b21d80633e53740ebfecb861dd6843fcdf5a2e5baab7c1e681f465a7edb63ec58bce9820cd2ece90e6c51c393f12b0dcc8a484e66702707346519e496e4989690059293d77c421973428a9da7d586da4e266591e4106868c90345dbb65852b942d82bad96e3a1e2e48268d4ea33dba9af29c8d6ec95c759a9b5b9b1f18d5814e5ab8ab976f00fd38deee1e663df952d1e072c229c023c9f9fe1a4e66de6495c738a544dbedb36a2737a16eb185290872b3b7ea80d478540f49edae96092a43e18a723c3bddf182252cde83d9db2a38c8942510a823f7f35a25d60ae2281af8fca37c5dc0f7384bc613abaddd7ed63efbbbbd48e1ae8d7615d1358ba0f6485865395392442d934fa2048c10e5361169d7597e689bcf803c096629ed9de822284caba7613a2f625068ca033dff45cda0d3c732929dea915727ac2d8a7d648925abac81253bd800e9f223740bc519e692093893a8f346b82a53a24dd8ed3399bbd3dc5d1e930953e1ca088a2666d61b1dcc723cd2f089cc915687efec8b00b7351bb955531018e1331680fde06c8d7d43c1b656b243e9c2c805589420ce97f467ae76f5064cd852048f2ceadd30c0a58da02742964c0f4dffe85c9e6d087e6e5ecd778c6ac3010133f4be2330fc323ee9b2701f38978843480bbe630ae2adaa179d8cd4ee1c062ef618584b7e52a666c2d2d85fb3e741eb687dc92a70919e7bea35f7745b4bf61e5a76b5eff4cd4b76233f226c338572044aed6c3f222fcc569749967d9d34c00731a17ef9faf5f3e72f7ffea1bdf6cf9f3f7ffdf6fdf1e5f9e53cbba7ea8669ed4477a7b9a96efde6eeeec3a78f3ffff2cbaf3ffffccbfdfdfdf1d03cfff472dc43afafef4f4f132239f8659cd50e4f0431d9c104a48a8bc1595646a5d65817cecccc1ccac402324b895d835b670dcf0a89d7283b9162f38094c2b6f4cdafde38c5c9444be4e215612edeeb7c6de2ba8ae42005b6156507715455e952c5796fc1d310fa34f6694395e31959d7d185445384d9068395241e4886254b5d71f31bbeb3349314693649339bea1f355657f728516beedccc75241b527f7feb6f624fbdb989c2ddbb38ea31878dd2f7482ab65384b953c1b2ad053901239fae262eb52b39b61c9a1cff26bd432e64a50822c8a22b4c464b9a0ef1eaf3373b9386c84aebbccf9b4db6c5a1401fcb10867e41cd8b959d6186a6cab324b948e67f94e5af0f04a350516c73cbe9cde0d05061afddd432661f2a60ef3238ccf449f9bcc1ee3f608e73c6381681e993600de6526d0b414fa66ba316ef3022c0f3e7a99742d4aecb445743ada0ee0833501bd753b63da6c4999214d0f7963af0d80806fe6b83a14b256f04466d3e01ec44c41ee062b3ada59b90ca003c1ba658625bf0f31099d5b06c153b352b0530702232899578a9de467d522acf244a0689cb2a32778e4c6acb949f8d7676b99cbcee0d1206896314645bb256eab1df094ec8b18fd62fcfc2ddb08f50b59f5ce6be59b892e9a74f94e4c70e85bb6da6301a5b2aa0d44736a4f253d1a72e88e5d28baf7f09cd76be001ab6350c0fe3747c661d6f3905ee43ecfa7b5a50edd524328a6d30ce800378ac68efde71cfee248755c20c9e22edde549428a26e1f78e8f0c37ca69785bbba9489dcdf00b040639088b0dcea63214b01776bae3aa71a6ec2b15ed32a6ca52ba06cd80a037f6b7a558d0fb0e9a2de0ff36a1e8c3751e838fd22b0346e1d379462bd170039d07751d5363c8cc342e51c464f04764910be32f4bf87379af907719ad0bba68be98ec19a10a542972da79ce3b592c700528532c52be2b95abe47d5ceab48865b01939161eba4b01c46cbcae5d7830b7d646ed321cbd1eefefb76c8a882dfa8afa949495a84c2dd03117c1f73e55f1b21764c3f6088005527b3cb018c1bca3cb5c1d0cd8b03a1c10d30c6097bc3b1d1b2a8a4c097bc168f467b96ec27d5c6e85fba3646fa139b8fd49c6a108d3e341b174d20a6722780fb7dd263a642e6f17156ed7ffef9f98f3ffefcfdf73fb46afff2e5dbf787a7979737cdea715ce15ceba57b78fc44b72293f9e9a79f67e1fee1c387e337b9bb7f3d96a6efdf9f8e4ffffaf5dbf1184ab88491b4e94ad5ee6522a83f8bdadb693045668cc69786b92ae4c9d336b154483c0d1f1edb058190314fe8498e7b097bba6290aa4893a8387db655b8d57080ba6089fb313c8d30001fc491ee007cb8e55c90a2e118dcc8dabc7385da88a6bf594b210bb28614a501c22f596a197f20ad414195ef864ad89c186f39c3fb48409e850fdb9063ee5ed3ecfcf67a3ae9185d4bfe639b0f140a67fe43eca1e9185fb9d3d584900725ba8840c66c7b024578911dd2151657f81094ae2850eb1d12f1c88ff156b2ef31e1ef11e6d8cf6749ed3e7edbc97b3b6af71ec4091a2a4c98321b2f9fa34874f7d63006589e5d452a627a95de300a8488db1263a11b9c6578b8372adae7ec976c29dc33b286a1646f0a8514779954d1dd87f7764a230991357d327300faf4c71a724a18ae438e863c476f0b41c878ee0da689cf66882e6c23a954d1043026aeb57b54ed156d8ec57d28a0d858e029c6679bbceac53a524d4d94f312cedd265ddc2d7a14be7336c747d833303b8d5d4277d3e724a670addae5e355f21d3b4cb2e64ade527320623ca60cf20d33f5687f5d8af573bcdd1d3bce04a12614e82ab6fd6532dad949eddadd2557bc1cf5a315ee26953979ca9214ec216db7427fb3b4d452b803cfd1d4a746bee5428ea374284793aa7063ca3c074b7642cbe15abba34580af9ad851e7c4994967ff9f55fb928102c007093c7997a425091cd49b973ca254de5866626a9e12bddf5de066da1852fde10c0915a36f536fb01d88bc7027608d88c569de253b3590392be44d515f32763126d50448eda86b941fead48a9f8bbcaea0a8ffe982eb4efc03b61e807ab427d8c4bb4a0e4eb2dbc6eea63c16374f4e0ca90c81d1af53d56da4e6cbb508d192eb26b28f443b560f59ab50b7c6c5ee66cf8307c9145282b951a277440d2c1aceb430788b4e16c3c15b0341ed3035a02f00bd6910de51428b936d844a9c56a235391f541c5e67f7b9fb2621b6678d580b1b58cd962218cbeabac946bb8b6e8c35a13c497e2c2e5bca52274ec39064d662491de93a4a0311102e4de32eca84811337abda0d586ba3292de2b71e5eee08a7619cd7996290a9d4a394bf6f0fcb0e6863ac6ab776bbcb014d18d32ca4a98388a732ad981349dc1ce28bd394d0c94ce6e3f3f787872f5fbe1e25fb3ffef1fb3ffff9bbf4dabf3d3e3ebfbcbeef9246dc7bb7b4e519e1d3f6e9b73b16879bdbdb0f1f3efefce9d32f9f7e928efb7cb9f9f0f1e5eec3c79bdbbbe327e7a9f3cd9a7caddd4bea981f3d7b5ab9c0fd62d329cbafcb1800aa2ea51e06075d3ec7ec29eda2f286236039d920e3e4629ecf58ff656a09237fdc1177f8a170424ecd7b4f45ba35fa895bca0b609360197dbbeeaea94d2374139e341e098d79001d9467f11169c1c359ce9c103ca2328bf18465ffeaa0f55529cd59b7fd6d8c6810811b8e4cc2d6d308a5ee552ddc33e1d74c191ea36d61ac59c4a5fe906951fe116c05dcc0a3ced7343190e37ce1146ea9c2be787ed94d5fddc8bbf1fc9c4aae5a3f1e9184e60719590ed66719a4ed47f97eee6bed3e0b41c13ccfac9522ac182ad63642b63ca403acfcda871f8af988981f1c4164a8d088df75941347e864ba01289bab98c90f04ee936fe2bccdb849575a0fbb70c93555daacf3aeb33a7c3d6da833590a4b85ab9bcd090b246ab89615b4038ca0dd949755bb262acec249e33a281d962ee3cec27d7091cd0012a33bf5b25b766d62aa15f963640a8f2f0c85e5d0fbc4be7b1b35b414c4a67e5b3b5c53f35b46fa08e4ba5019016ba463ed0be591820114667bc9d0d6bc5d380c30cbe6a140b3525797fe799f22afbd84e38510489f7e7f35e9b9442c89095514eda7a6a2cdd9e9d514e729952955bb093e3dbdd25a5d2e95e919926af904599d5b35c304265ed023c0519dda65ee03d145186209c6b950cb50703f72bd61e655bc5d4b23e8b2e3df58e2b86754bb751f2032bb011b6c68be9921401754606da29f5ec3e259bbec5a7ddc6c3365e8d6e89ac7a14930fae61dd8a2e31eaba5a8a1e666d8e5fcc63d651463efb399901d5a7130152fa22d1f27705842d56eb945d64aba88e228a9618b1685b307eff77b37b9f56093d168d58ec7f4e8d7464cb4ce20743bec214c776a0586f5e0696dde8d5ca532946d710068d7884e02277dc30420aee2ee4c53af89678ea9264834cdde71d58140607471bd97144de8ac1bdba8d4eec35d8d5c4e01d9bb03347d145c020466b252bee58d09a001a437b16bc87d6725a7f6514b9905a1e1a9e48062d59ea97b7ef0b0d83b1c42842fd5f236e73338a4bd84e5b52e61ba7ec9ab94ec5bf4e03b6adc09bdb53edce49acbe43d7bed469c9c99a5f91427a33df6cdbaec7d8bfc720b1e286e1b3ffe86373e4aaed83060be309ce5f7363da9af4f4f4fdfbf7ffffc65026466bb5d14320fdfb5d7aec088cd4d9576bad6ed506bf79b9bfbdbfb8ff71f3edddddd1d5ff7ad9f8137981cc85d5a6fcdb0b3abfd036b28137ddaf8c272090930af0d57748223900f1fc8529974c3b6a864248051d8b939cd344e5ea2a5a2b780c852e8575024010f1a68855c52d5b95da60821e7403d4aad45cc8e365467952752d43dcee39d7ac655689c11f9bd3f9098e7e94dc34eae7e03c13c8191131f3715c1b189208948b51e738432db6fddb0f1ba00ba62dd8e59b2d8aa2bf828dc7d602e5cdd4d525f05bed862dd4d037ef11870d9b193f94ab9f436be12607e55f674452a833684e8c8973d5bec60f1c86ce11b22af97c827b442138e42fe7874b47c3f9f49e246f77dd6eedac69aa9ab22229104ac710145d4254fdadbde6bb7aa92952d3320de64451280249223f2a298e753a644e8f2d2829ec353150a41ab2ebd6a8fc026070590cbdce53cda4d6541e61252843a53265c2ee148b4f2b6d2f0116aefb201529e3513d1288b52b0145bbc23052bb96e24aaaf149bb85a66c8e52cd4eb0ef077dd85b4ff1d91379d51276cf40b3383c276898d21ff7da44e60c982e77c4449b29f2d2a54931393b0b2b00faaee36ad98ddf50096fb9545a53432e4d87886a6fbae4ba3734acdc647d1e7b71040d5c35855385f8f925d1394d40b883d78dfbfb070df72401d0c1972826a6a5d0c855cf8f7b532a2064b58982d3cc4b23184bed345fe61a9da89ae2e11c0e5589bc3b09d86f42044329cfd764831dc2d16e56c4655156a72988bcc4ba9be005d4ddb12963814f968f90cf37950854c276db7cfd789b1a07e02a9cc76d9715740f37ce06788aa9e60bb8da4f6a9339052590ddcee5a0739b2ade9a7ece37a22f9dc5f6d6550dabc1343c8c7b9c49779bdb44a87c966eb144d291b0a72443d140c5d1edc7a6cfe442892f11bc9e33fd76f9b31315d7a29ddfda9754360ae14b300f79961642bfa5647a0ff8819cd972e2d0c7b6b20f2036a772b4b622b61a8d98ef592bd14ee230744d9c60610b5fda4de6bef48a43382910968f0d045108116c9431eecd78d22ecda4bd7793163ef34b822514ead55bb356053e908ff0a2589651d2ac47dcca41120e2cbe6dc5c2a4369cde95764a151ac93cf9002878c294be451cfaa93f1d7a4b36f1082e0f6d3965ea866c5518a079639798cdfcb21552d852161104feae3b7efdfbf7c99eaf62f5f67ced2e3e3d3cbeb54bcc8e8ac4743c6714d733b7cdf8764bf4d05bbd492a763453e3ee3e5f5edf8eca7e797a3ee9f0113c3209b642752af72e3114a611158bd439bef44444f5ccb3a17cc803e82d08efb128ce47b3ca0aafcda0d210b035580970c1f94c0c351bc3222ca88960ab5991bb24e7861c070605ef5af94aa2b82c264c7742b15c1b9e5fe3de24c13b42f3e0c90bb4055024c9cc65ece7e42c49892873a525e3208ed9df7caaef59150bb54864b21f2e616066455c09fdbfb3bf557b21d65ebdec563d980584c56dc3a5d7a4f99d2b31f666f2aa79d42f4bc1cc5c2fe9daef615bdb58678b253d87df361e71e8007cb6b8da9633f978d43ed62c72f7a96d6fbbc83f7a36adf8f127e1fbd8b5d754c4173d3b85fe9d80e86200a38ee0da60c52939e78d7306e62e007974e979f460534d7ac85efe8182daa0794f2cd54e8ecad7d59d85c58de52a1c19996e95f305387340851be9b88d31b99b264d8a66f05fbec6f79387d8f43774e96915d8b960e543e7065b980b5c3c218bd5fa087d67d90f3559cb262c134cc380cd4f8aa69c0e7d0f544702005dc7218c11f7d5523f342f47830c658d24dbcc1e7f4060d35f7aa5d9e55855b34551f7131a4a6a20954b3e54c4b101f4e05dadca22daca27679153fcab02c342d577c15ed613fcdbeb8256b5ab17ed26079c7b16759efd2f61b97b943944f390c6407aa2580235983985f17cdaf6c9c42fc34fdb8e3deaee45b5fa9da97d2ddab7608f4c020b7cce31ad8e44c9dccd8178ebbb0b7764f24dc9b86854921ee2be2644df8d06ecd5e08ece17c98656d515dbbc5839efaf4fd4f9952eb27f6d9bc970d8d00cbca3357fcf8292cc1daa9a32a0af653fe20c8f2626c6ecf9fe624a715d7a8d330f372aacd34e235ad8b19c6405483e21be84b6393cc4cde78feb804b195e45f174340e23cd2041082cd5e5ed72343f58d7a5ec222b80c6926577606a7a4911343c2f06352ed3d95952d5d027e0804291f66744695ee2089cbaadd8059f2a4ee23e29e93cae2572cea6e28ab76dfdb25c82ec5ee0937cf4d960a6d3edbed6ce8994ee8d10d61bf95ec5c74ef54d22d39b521c8c6915f6577455a8daf42dfc3b1dbecbee86bb0a3eba3e2d7b0058ebbe781f5d20ce1ab8ec5ec6f7905b6752dd9fb297aedeee6d9400258b9b62693f4413077ac0c6b7bc2f3a396518c3402de25e1fef528ae9f9e9f1f1e1fbf7f7f386af7e3f5e1e1f88b97f7b7b31166cd026da56074c98e9bf7ededfcf8f4fafde1e9fbc3f1155eeeef5f8f4f79797ef9fcf9db9f9fbf7cfef2f5f85a47f56ffa780f14f619bb0790f8568cb2fc3c7cc45d4bad17663f617618d5a17a430c7509232c0c682ef3ab98945e8108784a8c1af31aa4a1720d1ee0827d2af73ad7cc977444e677083567a4f9584abba8c22d1c77930a4be3ad4402243bc170808773dbddb3ce9c63090bd22cbf820b615a814113b86a8961b4e1839c59bb938738926c28cdab31db01b47890ee131f85bb2ac20c9ba43dbb3eeb5619fc06c5bbc3f59bcb3c813d20988765600e82265e239b53084f7ccd9b7afd835da6188f87c50f20a362f7d0d5d9293de7a15e5fcefebe95eff3ac7c146ae75d44f1bbf6ea77f96f888abaf654da32a5ed967821855da740246a82ee2020402a884555e9fe00eaedd6294d55406a37d18bd6eb1cb0f04ee6d552942401582540860e58d7925dd78939e2eed04cf7797b0cc698b4bbcda5782f472c6fc20c4c8cbb0cd28ca33e41e446a48fd83063586b59047ea5ee72b0aa4bcf99d24295da69589a86c22f866e40aa6c12239fcfb4c640c00838c15cb5c01d67772a593076bbd21e6de11b6148cd806554cb04fe22d73b1a986e922d37151349f9becb896277f8630ec7bdd74ee6e04af68bb113ac70979efa8d95e6fdc67394fc35e3963637aaf664b4bbc8d36d6c1952b348d5e91210caed42e6568deb91ac0295fb0a7fbc88ba2efb25571476ca12837f9a45d6aa9619237090aa95312e64b4e0b5d71ec17fd4c8008ee6ab749239154ba461fa9aa971e3e3a17cdfe4adaca8532d1352996ec7f916beafe3ee9e894ec7eab3cdd27d5844d70e52e730c0f9ef9be97e1a6a71fc3631ed1dbebfca4d4096ced5e3941e242e534d30c0f973e01953a3a0fe52aed8610835755cee52560a7410e1c730afe3b00157d1613498cb758456271b24bb30f162bb5b75ed19394a485ebfc06980df14918771eda09a057cd0d99fa065e88f71717e7a644d2c4a2f2ab4db313f193a37046a65fb3edc909a7841ed5df132a4e985f1292dcf6d2dd0bdc9f4be987bc069047196c02d774f09a88940e33eb7c0b9b70d0aa6b5432c212389fd6f3864fbdd95b094d305065ba529b3331875ae8f067fcc5ebb33644c1e239d0f977f701c60c0522be97acb9c5c1ffc910530c2f7256be9ed6d1a52b56a7f7a7c7a7c7c7c388af7c7c7a759b4bfbcbdcd20661ee865350eb4aa9a8ff7cf3bbfbcbc7f7b78fae3cfaf1f3efe713addbebdefb737a7e32bfef1c7effff55ffff8fdf73fbf7efbfe241a794807b340f0cefe38d1159014e7dde0f18bdce2e0dd4d034f895b2c56b3cc8b46e842f8973971141cfd170e2354b251afe51b97c31157785302e0cbfdd4b8fd2063953395ad8486d885245bddcd8c21bdbbbdbfbfb9ff707377bfdddc28b46b5738f0ebcb7c7d7b3d4f34bbeaf84dbb2c17b3db347a840b98129947c14bc1319c33f68891b19f01274516affb9a8a6582bc4290f422aa4a2d0cba0fd23539f1acfb1639c8571ba7ba7df96567e59c625560b649151db3f0de99ebfee0fd1ebe6affbf305421e105633e798cf86a5ab56b9ec368960172ee8888aa4df76ddfb7bd9f67dbbd4b80ac6ca0c99c7131b21fa5080335443e668fab6a317b19669269417dfc64a34d83405274a64cc66264964e25fc8d2c0d4a3e820332a347eac196d788ed76577d3410b80b0b42242b0021d0ab6218436b28cb5f5374edff2ebba05c10583c8271ce8d8b108df0c015d3f4617ced21121a526cf98e50f391dd99d6227d2b93427a72b0310cd58a76bf5b864d1bec6b9a02c7a7bb59b9677f8a975670f8ca346e06284f59b247af9963a7ecd09cae24e5a2b91d0688d7f30be0dbcd60db5ca312ed76afdae578ed46d26e79a85a9a9facd7be69e17ef2c2bde7c738acbd63d50e6ac65e5a2d806a4a853ad2a9a9de8d6b4b14c6f725287769b45f20c717fe305fa0c0b870692368c9ab2d1be00f87c978f45256ed089c89aa3d16f8cd20287912ce74bfb0edcb5d2c0a1987b5f786114356b86fda740fa9cc52b8ebbdd967e1ddf530d125219b14f1dab679b988307640e9c023a374e7cf741a66776f058fef7509a9c645cee4a1b923471435aa1158f8f4726cf4d1a5a785089172d4440ae589cf1e46003226ed817d02378fc65cce85d8d96c04cfb95b481ba6f91100339081de92cde37ddbd044407064285a4267156666e013e1a06e44f68e3491894a7512dc0bd396e4e42715ed03fad6c37a2b31a5bfe0980f2342eae3efa2c908b4abd9e104721949442768ee96aa3d2e13863c78cc702e72b452bb63227184a1a0fc98f3e91d9d173b25f8754aedde00b24c252235ae4e86630c9c50148ce5c172206db7763b45fc41bbcc49643b16f7d28a004643a9edfd2c362f8fb3636426ff71d6eb0fdfe71babda5fbc6a77aa9a974f5012e84f72541a474dfeeddbe3cde9cfe3a67f7d7dfbe3cf2f37a7edf5e5e5eb972f7ffcfefb1f7ffcf1ede1e1f5f5f53cdb5cdca3b0e51628b5ee4326020ade0a357709a38e16ba77b53b0067b266301c64db7519058518c04a0af5d04c22949df2154a59fe58d6fa0a032660faf1952e51d935aac9deef9616569b59e3de9ceeeeee3e7efcf4f32f3ffdf2eba75f7ffdf0e9a79bdbbb26ebee8cb97d9941590fdfbf7dfffaf5e1fbf7d7e7e7a37c27a30c9a27107468fecc699070c96cc86c60028afc2227e44c577375afa0c518109f5abfeaaa368c7a2803ba9d27f7fcbd9fdeb7f7b7e3f4713abf6ffba9ef1b0d535460107795caa82502c228c87b20158a59454e4c99b10c2aa20b5e44927d2e815e577af3a1c4cf6a781fda741705c8f9284bcfb303df6dc2a06fcfdbb98b66a6ef4709dff7738f17433e0b013f7b0a18bb800423392a8818324656de0eea9406cf10a13188c4b56a976ed8f0a2da7ae5695a4dfe8cb54e86f6259832f65a255dfaf73da4321e912a1562af86522a64e3e121eb16d73820a884afc4002e29dd173c332686d826b6105afd7928b4efc3dace50b58fa0cab5ecb84863a1b38a58d8ed24a07c75966784a7c25703110ed4ed0e7e6117a185cf2bc7f8b6e510abf521697959793005942667d497d2772a54e7f939a2fc27dfc343244e412473223b59bbddaaf604c2a83dc5cb77a1b36f5ebb9b525b0191aad5deb648c0b1391465c79dd0dc541d0f75af27b402726b97c5372d3564f2a5515f5cc308af595d6a715e1675c7d8840cd90b8900ca5853dd6bf5ddd432c5baea674d5be0372923364ade7ac3167fab6a28d5b88b4ec604eed6173879f75d4dc23d53adbac224cad8591d5f82759cb33e71b9770ff94a08a81b6f869223ad53ad92cc76e2acdcd95837fa1e54eda696611fae35580bb8572a27375e58cb61b6e0440a9844a4477a54b8233b414e1cde1275be9d328cc516cf6512df6007b77a8b3116904b3220fb1ea56779fb91a15d181eba2258cfdeb8d6ebc3b8fe76d42b22b7ecb813dba1b67349f105394134a7f771299209da4ccbe052f31ce9d796f2c906cba18c74c911adfc752a3c3fe9ddb814b211550e664bb0d012457b2d702584ff391b1d234ec9a9dfa2965cada6eab381b97aadc8635cd47e691a6a0da2bfac7bdb70e206d79b787d6459f476bb2e855524138345f79d96b85f6e2dbbd27010c5a3a4b69c2c7f59729627974f303262487df8f6fddb37d1c73c3e3d3ebf3c1fff7a3eeffebc835b44975db16deb437b7cc537de8f4f3bfef8fe7e3ebec2a78f1f8f1ffcf8064ff33cf0fde96166369d250829e8dca9a5822ce418b903b63b1bbab6dd65de5b888e3c8542d90cbc8f4dcfe8430b779315ca931d4b12ecbeec5fe53281832f8d247c812b490b23610788afd586578475795d633ab706381fd7c1eda4f57cfae5975f7efbed2ffffab7dffef56fbffef6d78f3fff7c7b777f5c814795773e4e5fcf4f0fdfbe7df9f3f7dffff18f3ffef9cfaf9fbf3c3d3dee6f6f7e03476409a4bc79262a2fca508e730d610ee93a7700c37326ff64ee3579e1aecf8311c6c408ddce3363b1bf1f85fbfb49f068326f9ff94473371ad1297745d448798162a654b31147d3c8ad6d5c0357af985a0bfa126e17a21ad64a3f9a8df877e9bddb62d1e1986014e021bd636da9ef3ddf4ac5becf3fecd2771ffbb66fdb51bbef53f8becdaa7deb72d309749fed9ad5d54a099fc80a668f599507d78d1091bc8de1173837f0c4259b1376b5b9ea8aade576f72fd2edc417bb603786bbdb50bc7c0f84fde685bb8ce31da09932135a81321a9b433df0779db051ca7cadef1e69dd61081c2384eca4ef9788f466707766a584c96b461111176a6826967b638b6cc26bcb8c9d17b9f4da5be595c1f4cf9fc64816905eab1d41011414aa96a6a9a82de21c6cfea2a833dfbf73b5889ab75fb1adc6be36a722b3e419e41c901cb2a81bd27c19cd82905475619ab6cdd0ecc673ec3d9beea76cbd1b1452c51fdd35f11904eafd0834a1025720cda958b85fc4e0255e0630efbc90a268c13ff2b532fdc2a05e5c82600923642afb912ceca88d01e36ea5d71e05d818295b8e866eefcd77f36e06b74c416630cfe0394cac00dd7a7da189dff28f5abbcbc36f1dbf0e5dbf16a9eae2a310790c0d29d9d9ade6bb8fd366808da88507594a9288b62cfe7476dcd9c225f2c7f3759043279324731f3379a09cce2763fb2d986cc4f416f3714d542e320fbc71911b84346ce55d30c0a50979dd254656174318dd5e55d398e623daddcd7c7c5dc4739eaf24d2c60e5797648f43b37df7945d7f6fc4a26122c12cb59553d9e101c05e3185aa62ec00becdc2dd7b4203ae45cbb41bc64fb3dc588e8454141e5f26635ecadc63318228591c9171e12d5ec9b5011990dd6c83418a163a9906fc777bfc290060a1c333e55f1852c1118f496f39710894181310ffb3cb400193c9763b1a529d21d37098dd96689ae660fc88bf6e89f7b380f5dd3287a6a37dfa50b56a7f3eaaf6e7a3ba3e4aeb0729da1f8e22fee5e5f5a8bfe534cd69cbca1448c587902b0e94783fdededebff3e3fbdbfb51f9dfdccc38cc7940787f3dbed9f10d8f77d9e10ea83717c110c75e6807600eb96c0b7310a760a999bed7933429ea3862ef1beab2a063711b3fa913cdfb4b8ab9e81e7e03d600505aac31c201e9a9d5fd0fc1b41745235db5c3c0c1b0855342edcab7371f3e7efcf92f7ff9ed6ffff6b7bffffddffefefffcf5dffffdd7df7e9b1df7bbbbe3238474f9fefafaf2f0edebe73f7effe55f7efdf0e9d3edfd7f7dfee38fc787efc73f8cf3bb16665d8bf7341930972af02293845bb501242e9522268afdae4f2d10035aaa5b8d38abd870d14e7281382b36a9da8fcb633b9f8e027636a7f78ee1d07560a14842cdc0216849f192e0f383982b4a84f98fc2d028b1340cc313c627aea4326a97580e93da685245e7b0d901cd82bc9bf7d20933da6edf6695de87d6ebf30fef52b8cbeb38fbb47dd34e8c8c2d3526cb761dae805fbd0138a8c3a32da1d3866f328c8c0a8e44622d313a43fa62ec3bae15851cf91b2d648012c33a5c6cade4851614fb2e55fb51bb5b60cae821de00427a89aec2c21deacf00d95e8850a37a1f31f5f5bd689ffd648d0225d775da8cd96a74cb407046552330ecd3c29c84996af72c1206c6426a065cdcd2aef11f6bec496479f5904a13531c0354d9c356d010c85c6c19d746f968991745ce94248b3173ed0ca60b85a763c895aa0e176f8076abdaa35827670d07643dcd57ba55457c92f6df63f3da5c2ae3e995e4da98e827f7407e8560a600c1208d64b99909605c952f1534992be475ba0664bf36f76c974d1ab0fb90dbd431a596a3041aa0bff57a7df78e3bd44f6520697007d5d4b980a89804993c56083cd34d4bf3530f7abe3c2d9d60b6410eef719e4543b3af5903d5e53244ea47e67889ea6cb789d81ee5bbdcfdbb051b1ebfc8690c3cd358864877814ffa511911e0bef5aa0e52304ab4a46501d7213dc884fc655ba76113e6b5afbb6860423f67945deb4cd9aac64bc62b072e2c94b4ffc70b88cbdd2ad19d6e9bb14a9eaab519abf6489a71efb277e07981d6fa08bd0565318be62448c32761dc528e869c0d0bf251ef983073f4884d489264f392ad51353aad00cbe4fde1e74514a1d4cfa72bf3b28adb5ce4ff50b59700ad8afc31536dc01f43685ed61d589e42da5b2a065ea3d7ec8b774040f6d30d54eda7eb553b51c59d638a16178c5a086448c49c7c1669cc2c978e7a5d45edcff27254ea4f1326f3f4f4f834fbe2efefc7671d37ff517cdfdede8c7d58b9bc9b0bdb64cc164b2a65940c278e3f1c45d8712c787a79ee91cf6c62bee102b84410f69655388e4b1b7221f9424ae5c6c28ce372c18427250d5d159a12fe217d5a595a2d7b1852ff67309aeb6438b293f0cc92231310ed30e5ea41ed3aecc9b5aa45167329aeced697a9a78e0be37414e7f73ffdf2cb5ffff66f7fff5fffebeffffbfffdf7fffccfa382ffe9d75fefee3f1c3b25758d50dd8fa7f5f9f1e15f7efbedd3cf3fdf7ff8787b7777fcebb1523c7cfdface537aa1cb63678f942446c6101cd9e952c0df7210c818fd4026584a3ba0af0db0cc98665d182346099c77f4f93c36b545bf9dde4fc7eb76b3cd69ef50cd8469373a17d53939ce7066716bb969e34e58183898057905c11d195569fa177cc2e3e94f8df9321e17bd52a62419e910648fe876619ff49f67dffda8dd8776dccf51b3cfff3f16e6e3161f52b3ef672dd967186d3ffe669c66ed6ea9b63bc9423e7fe95d3c37232a805cab62a25b04c0e986293d64d3b8a79dde3656d55445edaaf0e6d46da17b3594d65ab8abe34544855d7da99d352615b16b11d71161aa2db7f23eba375c7b71ea30f3ea42b4e3ca5ab837abddf535b8d490156a7d0381cab29db5c64af94f9e5c4209e144eb0df830ccb02bdaaddd9ed14b60b9f1d0252bdaa4bba9bd3fd21385cfa7d52a814f2c54ed812d01bb3b3e8c0ac0e939a36e9023aa7c371f3b84979042cb2eb55fe28653e07e52868c8e825d3363219f51bbfbdfabcc3dacd970240b697bc11983441fe7ea113a44d7f8b90103cd6205f3ee00714b0b09e07a805ecb16eb0f807de9834c0891b88ff7194b3d07645aa09f598252e1d5fe49c801bb5e7ff3ccdcdbe6fd4c3b7475c85ab7898a227239364551d61802d2f0919b588205ede328ce057757829e4356a2ba32bbc125066eafea073dd2ed6a6bd935cd371efcf9409fb4366093bc58d56e0f7dc79382f5e4405adc2cce0db34f7024684b722260968495182fb6c2a94045437d8fd193255f76b8ec12c2e54dc681c366bd1729dd345caf21a60491b8ae2350e5141334939383d49e5140259421b95a86bdb572be649c022362f8dd1b60f5d2a7b63dc298590dd9ef1e3d09423952cdffc8a6093b5a0a57ff1f998f428e5aaed4105352aa6b50944417d9884b9c0ec3601f04ee30b62ab63488b6541296052db153dbd92a7848b1cd61654f203147ae4ef60e524da022193d1a4b6a8248652c62a947c452772d938d1daa41daf9639aa012be3e6727eaf5a2bdf659146897fd6576d99fa55c9ffed3e79797d797d729403fbf1f9f72fc10f777b7e78f1f59781532027d7d7b7d3f2b76d6641103cd9fe1709ed3e73139b07a591033f609a88e420614ebf88eaddf8c47340e1f6e101f23b5cc00b19e7b3a25d41220eec07cb36320c527e502e62b1f8bdc7c8dae6a97dab6c20c6e997fb66c137c39a325ae14042e1cda18878a4ae6e628d07ffae5d7bffeebdffefdeffff1f7fffcdffff61ffff1eb6f7fbdfbf87156edda97121df9f1b07ff8f8f1fee387bbfbfbdb5ba9dae714648e3ce6fddfde44a12bbfed180dc07a86d8ec7ef689094eac705488b1899574daf3f08988341944433bc4fae7109236936468660ef1949098ef7be7e38a7a7f3fbfbdbfdfbe9fa4e9dec7466333a83b5b50034277c9672d6c5c4c765c75c35cf456658a84ba749bdcd082cf67173bc565556b77ce6b21024a5b778d26bb5ed5c2d55c3adae78331eda7fbd043bdd6ee9ac224e29831d532b382a75d5ecf9bc4339d693f4d7dbcf4605a97571b5a0f959dda04164404252fa6186ae24663762d68d369b5ba88bce72936719dc27ac846ea441bc3fd19b1ba8e5a9ebfe65c17b564dfe4d78e8263850f64173e8acee148c8513bee3f701a441f26eb766babefcd0a7786a3e448aaba9e7cc875a8c393531861bf8991f30281a8366719f0aca0cf919f85b2b5ca45efeed6989855340dd5525c146bc45557304d0486a6fb7b64c854c214d20e48cefe21b786cbadd18bd2d78f5ca9b0c914a4d8742c142dfec988eca665dfa27057258c52c7378d5b32a0096d5bf3163bcc5180ffd881b30d1642cc455a9a5c0e01cfb1592cd95e1950d521e64d0b1d97505c54503042bf8a9a99b8b2fbcc7dcc5a85ef24557be3f3fca316eee3dddfea3bb3946ff39d5de1d2c29756233e2884fae535cf30988fa68eb0dbdd00ac284e7ddd4eed3411901aaa61b1be91254aabe5d7f51d46aa19e6b8d8b824b991250bec11cbb3db871f9f27853bd0b45db32b5a0bb1a5cb19925bc62f6b289fac0e9aa21c29c8ae758cc0f30060f1aa7be47611f50d62f3e21f67c852c96cbb21dcae3efcd04e951b0a0342078970706651a1dc603b80c43e1734968457178c7707477a0bd9a4edcae5e6f9bab3d342197aee03362c3d788f58ad7a89136e11451416fe160146150769d162be0120d6a9f59293172b76e19c5d1303d7ad226316a85a6e46298bc0b95b61ccdc2ac0c92fb94877a2686353189515492b682561a2ea3dd108e23e4b78908d89cc4a4429bbf30bccd66ace14a76869945ebbc3fea2b54f35a1c82703646c670f0219251ec24833c79521d891b7599fbf48c93ecda75312f3f2faf6f6fe36b3978faf747bfc8ef7f7c74f737bd48bb7b71feeee3e7e787a7c7c9e46d5e7e323dfdfdf7586a3f47759a638086acdb19d4d4fb3195b110c76206bb55ab537803610b211180ec1007a8fb913397020a6ca3ee81fa047c4b825bc562a2f840b89a7d10f26ac208267ce37ae4d2a3df5dc59137dc4381364c656b7bbade5969a939d99467bfff1e3cfbffcfadb5ffefaafc7eb2ffff2db51c81f7f1b967c5d0d6792d1bdf4e885b9c673faf13e9fdf97e7298d9a86c27d9bcbb21ce4868dee34da5296af8299cd1e0395019453d919a0b6f205c210a8611cc79531fd99b378976ba239896fd6ee9a2144532d33d9ff2749019ffed49bcd9acd47edbef740df81f29ef2b08e745cee29426b8b6b8660ed68298d442e336545ceedfae49c09c359b349c31e2e24604669625b7278383975aa36a6ac9df610cc4c8aceeed889ddaaf65deefbf9ce89e6c8f4d4b46a3ff6fdc956df851c393f8154f9c59e2cb6a0c0e22904fa887357396969d9fb123851906c3b739497d6c70d2d43e6de80baddb1a5826d1ffa7b7655b6d3325502b12b128a4c094f57bc8990ac584f52107c6395f9ec080ea97e190b77cb1c0be84754d254b20d09983a091e663009708b1c5308851836c4b2f29d47e63d791a25798b3cf59d1a53e56b77234056b441093b80f872570759804e91eb11c453259b4789259ad413c5bc676e1d7bd506a5798719af75dcf55f3b14ee53cb2e636193b98790ddc23ea5f17b2c5acd61b5697b73850c752aed76aa41d117090c0944cde1671ece694d575a9678be3025b17ba568ad3c3804c28df1406fabbad75b02c7628e0eba54ed56b24be175d4ebbbbc0e7fdfaa7629f467d5aead89f9f0ebf3161b7c8d15f53eaeebfd290ca92a8f9114f5d38d60f48fb7374d726c3d135249c2e5c1af857b5ec9ddb88f9b95d11969294b9b79d613c3c1b2921f4bf5ae00535df8753fb11b4af5fbc6b94a04d59ca1aac75bf3053b8d68c8a3ae1f975f5a9e252e57076543bdaaf24aa3102862ac0a013968c72cbc30cc4bf56f92c1b082d15509ec857e8e2d484f1c25a2c8ed96721dd66076eea31b0f59c6ac73186d3c0d15a9c740b1d5c324798f5c32e2ba0f3142ec90812c6c6572f5cb270e92b2359ef30397a9a375936a557de17a0b99176576a1d3c4d256ee43460ce5a84dd142ce8e268d3f14f6a45187630bc31e2337c169a690f5538b76fb7c743a9b807a4eecc9bb3d3a6ea66cb678b116a37cf315a8ae54532aa2583f756fb7533f650a7480c85a724a41836c6c465751050e289ea12149f3b36a7f7e7161ccecb54f68cc513009cb95ee6e66a5aea153d369fa7e0ed3aa4066f4536657fe4dcaf75968bd8f77b9fe879122495d013d7a7a0c8cf4943f27327d59a4b36ab7894b772d5e2852191cbfaa7169690a870929c15d5a533b72971b25d6946057451f4c8255da550916054cfcc22c5ce8d2914d56ba07e14a332c8efe2adefd97eddffaeec7f37373737fbc3d9deeb6ed8624bcd6fb0976b63fb6d0e303faa76313d98fa7fadbd7af5ffefcf3fbd72fb37e9fedf773171dee509141ef09c477312dc54d9250ab30b1056e8f2bf54068a37af9a9a3626847783f6e95f3b08d5a3b16b2926df65bd271a5896ff8ac7182924e722379306393645852fc2a4a55c99e3af7387000c417fe664b3e01660f9245f1ac27b0b48d5035e916ae8e95aad07787b24e640a96706016e8599a4d4e8a74dd2d6a28b3548fa3cd94ca48e17ed4e267afdd8faafd7c54bee759a6f7b3b4db8ffd588af57e1c6a268666ef67a50f90432a60b4633352062c598e1d74758762db073d6c0cdb9c765474af9792cb3d158941d2d0985c7396bc585ec820c110c58cd4040179f58e0af76cd063bb1ed7f3742c590f5af6e3d9c9cbc0390fc966d82ba5f5608617bc0230d52813e09a4fe41c695ae1c914441ad3b81b739131b195b978eeacd56e77be5c2671481dde8abfd272cab9f7285e92069c521da7c853399f148d3532ef699f0a16a9fe8c4bd2d3788ae2ccd45858e11e2a764f17d1bf770df5e6d453d9c58c44a8699d54001f29400217c14a66a45890e056662c0c4a15efc597c76d627fdc26bb59a2bb29862e8d30d8c84575574e45d363b05bed3e4b76799d75bcbeff2efdf577f92729d9f96c353d47c79da3e3de30567e3153d51879793e8ed29a4f5238a813d862af242df5661e9a2430b5872f03ef28532c6508872a607bf3feb821abd59ace0a991d3a393c562b6db56b056ff2b3d379f661a66851df22dccee21c5c5d676e98aedf69b2b074c81bf300f789b6ebfe615e044c0be49e0be9b3f8b219ed57d68b16908e51d6531a5f27ff960148e1172402d35b62e82a89379a5ac33a5cb34052115c37152507d367784f5ded875ab29b5a469a5fc00f652e49958ecab4e75534b04d915cad44d6e992415e0d7284cfa53935234a60f2ef52a9cec99b2ace376ebc106016c10c2eab51ea502afe872da5bc442a30e67740f10e4a7f333db328fb32e6a699cf5b2752cd97218eaca5461e8a21553bb9f8700716d924e075599c2d98bc05c054b32de6f78c7afdc6daed6a105faaf608496d1852644704b28895a4f8013b48cf723313f5453aedb3067f7c3caaf6d7498c912ebbacc2966c77948352631d25c1519f1fa5fd2cdc1fed457af4cfa28c7f7d79398e01afaf2fedfd8dcf122561e387389b26c80fc461905f7ea9a16e10ace584638c5355dc3bc34aed13b8f0b3166667464d91b98a1852159919458e7405d2cec8196817a77c98a760039e32fef4fa17acc9ddf671129e95a23d33a6cfdbf9fdbcbfbeea73f1f2fc34454da7bb0fa7799d74c0d28d1812cd46cc51e8dfdededfdf7f98ff7db8bfff389becef6fa26039ef72386be26a35946638e38a0330a3da16615fd6b02d10619aefa5d08c597bcc3ced4147b9a9c13a8504d1356d774a16bce53c4f9763f61b4e3a349cfbc0c40ab78c4b6d0ed6b6c7cb5753f654f490d330cebe3b3c6bcc2855739d646b2bb53dcb0776f344266a110e8988620acc596d99912d929a66f2e55c52f782ef93925e6b7751d49cb570efc71f67992ee5fb7e2651d474a384a90c7202e1f719d0bacbd28f6944be3e0b3bc1db072d46d9ee069325b9659e8fea6edba6b5bb43a3436c1a85163aab3275802cd7b36b88526713e1646b3d62b1c3aa9300de040fa0511185f06bf98ee62e202d8a705cae08b6e277845ac679eab96701ec8f31be884ab1c0ad361cc2a40d318cbe335abbdda42ce446d520db645af6085d5c66b0e2c01d2e546e382bc6da9d977c3172714517d477d70ed394bc1c7fb54b679dfbb4346aed4e1acd1331495ac12bc6d1771fb2823cd909276db79f36ff483577e9ff5b489377bbb6a43142d57e192ece60fcbe587a51dc4ed0688face4da6509f35cc9640163448a09a83659e2d04f171ed76403c9c94c17282dc7b57c97aa3d0af450c80cade6ad372fb416abdabb15e2654a489ee34d25aad13a767ae63aaaf6e309bc992df67e7333a9d1f28efae394c3a92ebca4e45bbf00884d31ea9a442c765745cb767bf44a0d10383c64724a0434e56f2e69a7634992d0e6d091f85ba1a9985bde6d4e91d817b0d8ae3df78cb3cc4edda5c194997e6053582a89d56c1691cb8ee01a42b31d16524d493af4a039906311a8b38d8251f2c7094a946c6ef1b0162e1964633af5237dda6d6696b4649df5b1d6eebb53c5765be1c09d9742a2aee72011a1b13ca0ad2e91a1a78f4c388793b6f0dcb4ccd6c1e432d9cbbb792c68d1a033da41af9295633c5db48e81c8da3d50af66935e999be59d9c22190b2f6160c2904754cab04f7bed51b27bd54e3208192e0036c29887c65800932b40555049a12e942999719c5424a3a972dd973febca252dde114e20ae2ee59f6e5ffe94a5a8736a9cd58dfa2cec18699ebfbdbd49e4fa0cf4b9bdbbbbbbbd3beabc9b1b393c88d9f1f852efefe797b7d7e7e79727abf7ed45bf865068043ff332953653fe3e86f736189341b1100dea66fab479b5f2d720792fd9e5d530c470de6c4b4b1ec8770b1aa95bae927376ca6886b8a264f8024f44cbc9d27ab0b9ab983507e34f63df61804273dd569c3d6684390e89bddddac7e1ea28d6bf7dfdf6fbef7f7cf8f9bf6f3f7ca4d3cdceede34f3f9feeee8e6bc6bfb33672e62e32a6ddf3ed3ce54fd34a745c58c7333b6e6f67ad70ac0834e19df359160045cec59af37aaa8e6781e8c3a19c5725a985746a6f651e116693b95b865a43a35c53b0af29ee06660db209fb74f2ea057aecfd4c807f555da65467fa6587b780fd69d71a4984e81c31d7306efff14e902189712023ced14476dc011b5c87309a0d6826c3e1ad902857a694c45fb6ad1b37f2a8d1370543ce97e95a3d455abaa26678dfc65928341322291af982ad93f2b44b3d4fba3e93b9e93c30cb36e68163796d3ea86fc036db144f536a1d31e422a6acb1ed7af94e800f810094e6217ab494689cc6a7de2e249584119ab4e03e0a3ec1da85cd86fafacb46c5c516ea5eaaf6c005552e113a59466aa97058c60cb16a238a3a7bc720c299120589310458764504c9f40b9d49d68c62fc4d5b4372fd00ae3f5eb5f3591884001fb6824b6499535dd1c97aedb459456ef27459ff370bda44288981db37d3b81bf1ace707d87f5d5b4e73526d40492ac92c0ba57d59ecaf0721d5d39487e0705b5be6744dcc0856fae2a6cbf0c73529003a1494cdb0f4f965a3d45ead8ee71dff32fe2984c51e13c0e65e9a7d13395e8f45abc39004ca91f2a20fb356edaa68bf39cdc25d6b77a9da7b04649934aac7080b6bf7d6529369bf648fa43f6dbafbc061e80d393a39e9f5587cfa7100d9baf6804fc702b429f1d0ee347c5f421c38e3d9823550ec5e9aab9ce19585a9fd039443c19e2d7ddf08652dcce2925a3c77caa6e9423dc03288a4498a68c2f412e112137d82990f51fe243ef014811c655234a7cb4469b57b6c7cb2b26b88875365ccd38c414c2106023a1047760ac770005cd45c657650b5db9092194fbbd4c0aee7df67b8e813daf97c9d78bdc08188af3d67f3b3765b8adbb8bc8d0914941808dda03f0f9ac63893fa00c2cca3e6aed5576b9048874c9eb75dabf6b398228f7b606c93856688773695d966078d4d91a69692768a4c39c9a8b0b21d078aa90fbb90ec978b553abf236d382e06d2605461c8284026e431c7227c7b7b7bffc15e6e8fdafd38b62bc146ca2fc9667a7f7d9bcd75fdeca7e71729dc25a7e9fb83a323255c755a578f0bee1cb8da4c992088f965c0a701a904cae3eebe23c7d5db74ca096645b3685df6c2cdbf2cdce563ccbd9bd98ae944aca746a2359a384e8d7116a1840673d157861599b832c8a80199a4d2e25bc21372366149a73bbfbdb7a7c7fef973bfbd6ddbe9b8c25edfdf8f53d3cf7ff9cbbd04308951ac9b5af9f8f8fdfd386d7dfffae5eb97cfdfbf7f3b9eb7e97c9cfbc43c190a215340277970623c2f31a0ed8ba88f13ba71614f696dfdb307ddceea65a7f06059c18a74eb8ca40f97bd3a9c8d57cd0461ba0bef8b6b3cf9b000d165c7572a687af13d399bb14f475c9b3bb436003033208e2a856955ebf695163f4f4a6b4cbba60d59c758f91c5aab1b0b6c8f05fc6c68df93cd244eef52bb9ff693fc0b8743cc4532c2918c568e7e034c18a562a9f2337597e554dbd3086493b124533a053211caeb5deeb193742311f6be240331c41cd0a23ba582f26e545ab58daaadb56ec9f042ae9c12e9b8b32f10a69ee57b24dac71cd3a577e1cb6b01520281185f84b936c0b7cbf9c8daed3ce21961ef6cb1a7dc6a277ec29d7578eb210be44f611bd8d4c2de59e68e8054261e970e79aaaa75899679f4d725aa874cdb22f356a9dd376f216d253f4465309896eaaf812cb16d4b0a772d33b5d5b5289e08672e08eabe9277d698e992bb0e3dbc4ba14b4638f035010c425d994bca5a658ea6f4ccd8b571ce8b931ff61acaebbe042d05fd0926e67331e8261a8f806f6c2897b066c3f1f48e865451b40b7ef34612308cd239ffd5eb166be99b55811a5237ebca6dcdcb2db90fae911b723d4e7cd76c7dcd556aeae0fbf0b24f935399439a66bd2752fb67e7d4b8cb24c8510359e277556cf6eba39852f855e5633d6695bb9288b2c0cb93bdcbba95822765f430fa0d056cbeb59a2ea913db1095433263713eb41496a223943d1986087db711abb3e785a4ecc7291bb545dfecaad6741f23258f14d60199772bc54bf06e834740618accce8c19ee821dbc640a9468da348f30862b341438e2767f2d56fe721052554b6d77890a172d3281b36a3de4c746604b0dbec0cf484e7e64bd00bd54e611603ac389cd87661b43217bc7c7ee9a3ce78bd7a6c2b0ae9eca8de3085df2ced0ac4390b27ac117e565944805e76c0afb68b64f43aa55ed2fc28d39cffbed74bab9bdfdf8e1c3c74f9f3e7efc7894efb737b7c7dfe903201d7731b49ed5d27abc7c7a7d7d7b51e8bba8dea576ffeef277f1b8bece8f9b2e43132cefd945952b87248540c1af5ca4de8e3656090490e8a3ded2e3aba63d732b266e5e817725273256ccce4950196e96e13299e6e5c243ba7a63ccee2be72542c50bd0dff3ab53c49cd4629e8a266c91a66954d1346fce8bbcbd0f3e0e474fcfcf5fbe7dfbebef7ffccb5ffffae9975fee3f7ebabdbb9733d7e9b40972f7fcf6f2f4f0f5f39ffffceffffee31ffff8f6f5ebebf38b3a8fbd5f9d7cec74ba2d5492bca4d431c4c5b3924dd2d5ed9f080715fa5037e27a77979a1233986b033fc49d5885272ba3873a4514d8186d068cdce6082b02ccb393cb68d1c12416b9153303d1457780d8a5512b159e2ff35c561acd65d893bf68d5ae05bdbe234d77ade067f92e121aebbc7b2ec7c4ba2b88e604ad1937676a49ea21157b24f1e1421d0f33e182925d46a671210ab3a014c28012b0bfc3c979d60003a70a0d5a69b4f4b2f99aac3819914827a52cebebf43c6af7161180dcc1b19888b6c2634999ba9fa43b11a5fd19a25e0a569457098515e504d0c9d29c4dde775c3383c21d11449b399ab23d293c189cfd3046740717055b492df4e004db5e36d7ae47a89fbc2a75d528328683d1a67bbc0d1871b4d5f50b929a50adddbe996a3a8e6816b11447b7d4092341a8b51551711d8f5d6bf7e52f695d756829d479bdd0b81476f0494b65cf1e7bcd00f2738915b725bfc619ed8a6ce748752cf0ec3475d98334f461933172f32617e5193a138b282a77a3464bbb5dd4ed531ea3cfd5b679522da07a14ddb3689450bb966a41636c51471873dcb9d14297b5aac3c6313902aadd16f7a5be6febb19a505dfa4d985ae6258ab3817b37da95155d2bae22f6a145ce8e100ec8c88474cf1841b223c06d77995304b7e51be64275986a08e9b5765fd8b4a0f01e6e61b328d696dd27835c8d344425aec5da0970c60b7f6abc46bb3dd376991163c816726898d9c1dca806c5662011af07cba0ca44dfcd3f2b1e4827c3b025f491abc87e50ae37fe41a9be7cb0050b35c3f78e5a78412e9b6a811d301a2df6e683be30d6f4adaf89cb9d7bba22a7b14482501c9da9e7d199e92d52f621253b9936dd48aa1b89e46f13f9e53c5eba354514f4a7f4f81477fd8f1e8a90675c70b3e072d2b5e528ba8f4afa656a5d9e0520f37c54d551b57fb8bfff7454ed9f3e7df8f0e1eeee5e7432f327093cfb90eedeedf9f6f6ee4ee9ef47593ecbf797979f7e52cd8c08df1fcde92a4cc9a3b67f7b15faccdb9b55f09644a1c7c8f3f04430b75b0c207355215030f515fb3718913fb1c9113568e061d20ea43668fde877a21af2088473b9435ea9dd83e8be88eeb8c4ec159f23147ab584040f19e3488b50ac63922bb9dc588edb6fe7f3f3dbdbe3f3f3d7efdffff8fcf95ffef18f5ffff2db4fbffefaf1d34ff71f3f4e11fbfdddedede958588fc2fde9f1fb51b8fff9fb3ffffcfdf7af9fbf3c3f3cec6f6fc7e15e691771c4f72ce47199004e95e1d153e013b3c1e137f6b2efc1a940c03e622e1d6ca43a356e161b7e498869412d68462f36d6784009d96b372e734a3b4529bdbf288f6a8c425261dafabce4b064f938c687071af5786809fe090721be043659d5de8df5ee429a6e136733b04e19e4aeef1f37e3f0d4306fbc0fef989806d20bf73d22293c739d032f269f1e99152d6f3ac6d6b9561a2da2ced6d57601d046860c7361a845a11ffdb2a1a15f96d0daea8864611204300aab0b02c02f30a869edb4862402f7db96b804acdd1b786e80c8cae125e25569db30d8638d75f1802745c78c24c9b8840645f100840deebee4ce77906e83921e35398678ca9f834111a3f547178f0b30d74f216e9192fd64edd91bef1ae9a26f85bbd7ee1902b861709297efaa87e9bd40c2bb6da854b54e4bd9de165663cac97e40ffbc3689bfe8b6f32596eefa3cdffb402ea5e0cbd493567b63c552c0194be26a995195331e9ababb20c1b3b8a27f249ae463ef9f34160dff2395cb7056edaed69444660e659d71f32d74c9236b5dd9d47b09366b8e08a478f6d4611812109f7c31672a853d8fe243b596b4451f929ff0f57fdd0b779b44c8d0adfbb84eebf32e2ebf3c0468d0a27582b46ab76051762c24799e62c9e904208955bdd5b5587a9970cda5e18fe134a5a19262e5ec4626196207b12c394d24b5c99b9e5c40a7c1705e1f1450e598754a5fdb775ad160a01a3e522118012fd6710fbf175f56ed63042cccf902b60f5a19daa444f207adb836340482a1af5fa98a4515849167144df73e7af656db5510e4654be3e2f62c23f9616e83daba094f2c694b237006bd75883b0845f91637450e05c237933d5c9b9b26138da8c68984248d1cd07efcc2a7b60de9e9d88849bfd4a6ae7ef39c18e4016076bcec0e48f120684116909509388e72ef3cc12faf2f4286799c95b5eada8f1feff6a8daa5d7fec9aaf6bb9b9b5b4bd07055a2cadc6768e33627f35379350bf8fdfefe7c148a1f3f7e14cd7c4638cdf74d89f3aac5bbe067345f47539fec55fea7cdc2080ccbbec6d2ea745d0c0f28ee7dec1ec7d7e88d2188814022afe69bee81aa3df5aaf668e143ce710e8838b704958549952bf59fb854e150c447a7ad6685116ce114b4e86417389e4962eda6a174bcbd3fbfbc3e3c3e7e15bdfba75f7ef9f8d34f1f3ffef4613e1fc7d3797f77777b3ad1d8df8ee7fbe1dbb7ef5fbf7cfff6ede5e9e938bdb57d56ed427017afeb39abc0a6be080f9caa2c2d07dcb863d8905eb6d016ea43e5adc5ccc04689d25d217353c343da90524c791b7413e5d266f753e6fe1024e8f967e6cd61aa7dce4ca54a1bca0c25afbd9990c09fc16e945ec40bbc411dd41345c2569e149671bd277d439290e0be8d4033bce1242cf08cc1967ca65d3bf003ee97719a2bfc29b534994c610d3f2821c628bb8047642de64e82a93ea8404a1ea0774b8c583350e7400d45569cc803b6671617365e030150eccc51e511da4569a9e92f69dd5eb80fbbc53124d24573b19e0605d22f001d07698b87e37b41d6b94dbdb9a66a3624ac0f6067693953d44939026e16f6de9cc45ce0186502578efea1b4e30c020e0573ec686a2215dfa23849d5517a8adadd6236bb9baa2e0b7783b577a5121320c1c37e15214a0435630fe67f83baab4a62a83a45d7d4e34b1dc4c54dc897b4e71ff06116131d206a385d7357e5ba8cf42436fd5ec4d9984437a3738ceb27b597c9887d81cdd02f886cecc66ea211634c1444350c036a8c23ac740b7bd5d243bb8e6d10900027e61bebe1f43191071992c28876b1d1cfa548640543f9280d630aad7c3f0d0f1672a79f569072101d8e1b8fd901a7db5f173d15d94c478878eb22ecade53b4e21a465485afeab58c11404310694060d5df3a57bf3b828f1f0a8f3741e24a27c27b5e9c39500b69508368a92dd9657b91c9ab44bf2dc1e247ef6d90335380a4a7f4596eb33fb529ff14c91c61c54166c85d8ce33aca7dc4a469d554fee781caeaa775bd0355570e1fc5903a63ac87ffc723560962f0a790ed03c4cb209d082debea3860b9be70b67e1ded31b7f01a7cac90637464928f4dcea4037d6b5d9523fcadfe37193635d9fe10872e2eb51a8b8180d25a797fbfe65d3211535b4a45b8a74eaa88cdf5edf66237c16ed930273d46bc7274cace0dddd2cdc3f68a376da52b75c01488b25f14ba9a8ad7769ff4dd8c7b4381e85c2ddfdfd07e9a9ebcb51c30b1ede5e5ee545faeea69d797f7b7d7f9d1ff726ff607f2905fd9eba9add0690ad3ccef95ee465f496e4f30648ff60f6011420af3f69fa7a8a6f565f4219c2491b88220854390452f74b621541dc76d4958da9a8162fdbf99e1845da01807465259d6b016b1495a3e4def7d7f7b7e370f4f5fbb7db3f2468e9fe780ef5b99c7fba394d95b2623f8f92fd784a8ed35b1379b3746f98a45bbb6bedaed690047312a45090474bf5062b0f277b73b8280532a8b89466b9a61a6260e8c0aa8dac42280f4576f8c5c0bfee7f8c335aaaa38169e650ae6c7d3390069db15fca42fb79e3ffa3e59a98b1b45e50fb81fb869658ae762d78715567ea0070899520766d22cade27e55b7aefa69bf1d23cfaeebb2968ec6f460863522dc3391d9dad1c9bf347f435c7dfd8bc7e0c9b00970620e3962ded9f297af59a8be280ea4507830dd608ed9840670a73f8afad73180a786b56bc16bc7d212eabc72885b04150f74a99c2ce88eb6b0caf215b3997d60fb405008c75c188c25c73762f851bf492b04679940098ba2ac00068eec1c120ff649c86007836da501e50aada98d3cdf19f12604cbfaeb5fbc93aee9bd0cbb66c5c59e1be21f05104332e555f3a53ce9cb19136347b51cd44852d41571b73b1d9d5761eff78f3bf8473154cf7e557c073287e3be665a2b208311d1ed83452abd84cb36a4f5d9a0d9747a6e7ec36ea8a1442abdd5bf7a290125698ce11918d77c45c3b548ba2a3915d76aad24e061879c91b6448158bfe589c829d30630d8469acddcd71ceb5a9cdb1164cd3150cef347729ea48710152e9a00ff19f0cf3baaa34d07eab8132f748f071fa8d77e9405710f18f2974adc33a18fe32b853b5d1d297317828f42cdca18cee82785e63d5d8e90a2d9b257a3958c7dd4ff29cb383e4c2c4b4ced9327af1e855c459af67f873517706e70c89367014e5fcddd56d637dfdab023e2a94eb1a4de497ce42ca2bb25a3cebfe9f5fdc8d643128ad6119d04375072abd9ed5fa1625bc57f281205f83d438318bd10d7343ecba90365dcae6404b94683b6f836e9a24908a95c39ffaeecb7607b43dad4c3a86c95009eaa2a27ccf1b5caf81fd2c20f659524b297d14c9d31a2bcbf7edec9dcf97e39d932964bacd70a27fa3ed6e7d482621414c297e74bdbdb5f1bd4a68deb5387fd55456afe78fea5c14ef52dbbfbd88c6e6c57e9e37fb3029e2dfbcbe3f7ee6682c5aaaf7807b5499971a764a9502531127a57a6e70825736ad436810ed06bde0c5f6ce98a94bd0fcbbd496d0422ebd70c3e3ba17d39284d37bed6eaa4857b1351b743605f2cfe6fbdbfb5199cbfe3ab18f930a345f8fbd7a3e30bb18132666ff7cd669abde255d1d73b3983b6b49c7986249b4c407574e1a81221231655c2343a82223814a25bc4bc5141a41b5338723deb08e0d6af7e6f25a20eb129e9c086b3d4c6f200c7e26862e7015a62f42345aa33ee8a2442f12192e7d5102bf03560d786d58f1e2f2f640010c7b30c0c7ea4df711ea99ee69cf27d7c058f9ae721afbe010cc28b62e7d7426c4cdd52b928b463aca3d4e68b4421f8cca47e5f863b785ccd5a704d4b556aa8f2583dcab5bf6136a0d8ac2332da5ed20e9129e8ab118a5ab5d0d913825afaf7a1d83349a3eb63c6151389da133c9164553653e516207449d1dafd5297f928c05f5fab637d7f44605960137047c56be5e99364fdff69add95ed5aa06b9b3d2bf24dcbf8d974ef37a6b4a0ad835cc60b777f4be64fd5d175eee22107f5ef8af5608731307b9efca55ab0285930fef2074df7e5f9e5ff4911736568cf58a313b56b1a77e665e56a7c4d5f15f193feaa27671b7f9dd355be7b275e079b8b8a8c2ebf49d805435d07961482da9d5ca064a526b0dc2c44a2d5a611a304159c23758b9a875626c58d9154edd677675455c4a3767cf0691f8e6a70e792c266397a34018a81b92a0d6d578ed02628c970017280daaa8ed6b166672cc172c803b7fca59cc60e6d11d2b66cebce19c42bb9394bd1921a941704c1103c7028ea1f6bf0f1681894dc7b02fbc488453c6beb446706c20b8788802eaf976c42c1237f0e35eeec4702ce9b802ec52f594b33a41a2f1f82c10ad7dacb17117af95c52459c437a70759d42c99e496f4971f17a15aecae45e84be7fd8edb8efb1433a6a282e7ed2f8cabeeddbcd51b5378eaa5d8db46e69760282bb30b851ad4359f702d04aa3ad04a6859cec2b31a54e208c14d113d6f8faa68654d13d1e65dead38194ff6ebd312ef5db784d04f48c413faa2b2c16705bcd4f06fefd64c577dfb592b7bf9615eece73125bcbc48ace78b90e1b5572f9f1f4d78799849ee11cc2e6640f8f78a35896b9b4bd07de8f5ba523e07b8e48621969738d36cf0530d05a0c801ab27ada27ea1122f1511495c822322751ada701cd86637dd3213a863352676de7e93147c7eef6f6fcfcfcfda44bb1177b156fe22b2244d6fd2a69ee1903424c63d740d581dd0ab28239fec4165b2784b0d30d5d656b924296e9fe902a1e1bffbd0b3f62efa99410d44d32198d176fb562231b8207fc2ef4849f50cf30f234a5de51dd4bdb1d04369c00d9297324317272dd7daba6b7c5358a72ec8238b2136b4bcbeb5b0f57a532b86efe82dd67533e839e11c27fbb7d09b45cf3debf202c0f03e7dc81b07841765cddf661cb25d23bc6c1e709ad8bb7d89aae628a4712016941e295bb04243123af628709616f1a5c428606d002b29cf9258d83d32390b7e8c9de69afdc4a9601d7a3c96afd59b8b184083208b20bb793199c73e94f21c309854d1a57e8172606a754bee40d17c8fc0898b80936a478d504c55b05c16eeca8d89bf5773eaacdd4f818e31b64cd4ee5dd09064d2e9cd1bea514b7977a747abbf13081b12699b8968a14343c05829cd513373950d5d7af04059439cf4d54ffcffdd71cf6c60b9281aafbd76ed808ee1113956b60fd5802a5ded7cbc061b240dcb04119b95b50d374e00ead3486eb57ba78bd23f151196b1631a412d342986d494d21b68fb2e3054459b0d477448dd2e1ebe81439e483ed18efb80eea1ff64cae905690e63ed2e2e3ff21069062a11412c571e02334319aa318c3658fc8d58345ed5606b0fff58ef366fca6e1e41180a4f02ce81094ec0d669acae18689a365d8ac3d9719f0b69306133f502a7796891d10e7baee2c05c6bc0dea50667fb56ed56a0626ae58a1af1f57516e0be8b747e2cb24398dc004b86af60d66d9c4297f8f5d0de82f42f9b179e70e53957c1750409bb5b6952d1bed93a35ff2b552b5de5cbc786d5e4de9cb7e5aea64bdf0093cf654b9978836e8eed552bba39edf6c33728d85a49102fa137cbd65fc7ff54561a67fe1b4a66ec0a82110accdb4c597a1782531791ccadbe9ca67eb13b99ba3ce4d6edadfa895e8771f8a0e8e56be5bb26609e0bef42a419c78ff42e1d7953bfcfa6bb74df25d449f9f0ae91b79ebd9e01f40b0e0d9909625614b3a374536358eecc2fe86d39b14aa117708a56c37c991025e2116215099c90787e2ae01fcaf842583a3c56dab21992e51c085974d3665b8071a66f9e0d56c9be3d03e779a8d9cf6def74160e840d2bb5a32d89e6927ede0cb61121ef562853910263202fd82a92c1990a08608af0b5eaccf724724c46a34cc3666f504a604d8ffbc77350f135a2f760c7a3ac036891d85f21ce1814461ef80eeb2703e81204414b8e1bff10529b2b692ba7e9ab86ba9cf9321c08a176a0803ba4a7c84cab43a2aa42e4c230f8db503c939df3a0067a4b684756bef71c42f7287f3099eeacdd69f890b6467858ad0f765754d12436b88dd2ad47790938c95d4bc2d845e556c03e95e58b9c99b626f3510977f09663b0882904ab80b52c621df79b686c6cc7ce588e703cad9b69694d7904571e4a2a3909306720fa0dda3dc804ba4f07e1e2585869d9bdcfddce3b559ba52499dc25fa53b2eb49035e2caa02853c65d50e7df7e86c85e6130673998fd7087dab25cd312e64d0c0d08faca5006abce216bdc67b5c883f8cb48f6276a39518e38d76722b3d5df7b08253a76a9abded8afc47a32e78d57e7edf751794bf91f25de79cbeeaa2c696ebbd53e794a9ed73ad8b5dd894cd2bf189ce9f489300b823966c4e58f510e9c648d6339e1b65732fc213a62ac01b805d78d1ee7a7fe774de6510df786bd6e64ff87738c31bd6ee66dbef76afe9e5ab816ddd21b2195f0338405c1811ef8885fb3a03bfee8d363639779902cfd80196121e74ec4a662542f341ba1a78c739a66727596ad2ae04ff6cba478675bb46344b7b3b88da53fde34a7d37085cc051b9959d783d070e54e3987c0757e646979b5ab58a86797061b03a16c42a189f3a17a023b7e2fe4cc06f0fab764bea918365410de3a6905cc262452394f31330860416a30a7a958a36a94e45d2e1cc7228da3dd149bef126d843adda8fa5d4aa76660837865a18e61a94c1bcc31fa75e94f45c730732cd88554aa1eaf35769719fdfde662a23b5496dbfb9bdbfbb3f5ea2702fb2543fe3374feb85263ce23108356e3ed55708c63caaec09ba48628590257735aabeab8246eaf8f0ce6aaed37c4770f156c23f6b6b7e16f1c762283744a8571d39e3da16c2b637a5e08dbdd61b508b3be3aa8500ac40902e9700aee80c6a70dce2e56e2c7d770669453908c0c82b89d30d3e10fcd023343a8d7815f3d89338135115e26a7913aa0a1a32829ce213092222471578216bfb00aaf30b6a0ff016c0b6407970d59b70721b32e0080e9983cbf0776c9468b574666193898102b554f009d622a4da780c9e5362e222892767409c2a7ae5c08f4f1c7b572b7ed5e24ea4dac371db9bd705f5e6b9fca355ea44573f325257ed451d5fb5fdcd508e47dbdce279928c1f331877688d8236d6cf92ec2e7d9deda28bd01274b242eb3ed9046ba7a7200cc141c6c47c4127afe53be841717eb556c10db254fdf6d020bcb9e7726e12415d09ef6ba3359d07b17584ef33480bb84edf1657ad27b33015a44032f6920506853b85038b90c041d84ca80548dd0431d05e0b77abdc7dac4ac06088c27d8b1091203cca3bc1590b7da903f97b03a1ba56edc63bee54197cd43008f6f2e2afd964ff17a5fac5d1794dc6e4da78bfce795c51dfd774f0d0b647fe7f71257245b9efd6b60af5a8d5eed67a37c1cc0e37cbc5343f24daab0c28cf8a58efe7c6250c46ad2f87f24f944caaf34dbb7b6c15910d5fbd13ddf5e7947b2757f9a7452b3bf3cc8a97e2463f5e442a3309f01250300b02376f20d20924025ec74733de10a272f5720ff64d2ddc11c211967a9f3fb6cbee6369952c9cc096c113b3765740ce66cfc50c1c56db6ccf092f463879a56eed901d7aedfbd9a87973ca72d48aa6a9e1b48162ba2fc68fc5903df9a1a5f10d1742ae4c5ce8cbad3021162dbebcddd5acd152ac5f33bf68c54c40a72c24f08b6834b3701a2a6e69c90727baf634884adc56bd18189257ed3d056159bb6bc6b369457a05044411ac7f3784bcdbb451254de5d93e5615486845f3bcafbe8ecd825269efdb800fbb58cb309ab60dcd2d60250db869d127b71e25c2f14495c6bc5e481693aac294a3305691cc4c5c9bd2f69bdbbb5b93b66bc71d2675a9fbc26694cb87a934c21a02bce4b3ba27419ac8d2f379237bce5446b294a584466bf709a4997d776dbd3f1b68f2416193c69a3c7e2169bf8b61db6b8191248908d0e185eba2bfc4b0a6bb53e223ca64c044ea42d44ce098ba6ca8afcf23970ac37b5370f33131216db0063d78f27cca0040b315734e062963296194453342e266330911a44878269c7399934d96ad890ec0735b49288f93ed42ed5cd02071d35302e017dd327b76e9503d835a7a3a186542c333dcf7136da7cc3905edca0570cad36b23c21a0482119e91c847aa0952ccadfa5a0795391c67e84674438a1052710956b513ccfeb1eeba6ab8a76b06bdb5b221909aa6e4dc07b6fe7fac491d516ce374778413354c4b2d2d3b13ff1a853b4800b1f0e6aaaed9472d47c0375647d9c01fb7cab670c979557013865410e60b95bb931621254188b5194492c076d971e75692eca8c164bed8e488aa3c131c70382a8b2ffbff71f62e0c72e436b626c188cc7a49ea1e7be6defdffbf6e77c7764baa57be8258e245008c943c77e5b25addaacacaca8c2041e09cef40498f9ae76f0e621e84b34050acc3f384d3b9b0f874b8860d30447d9b542674dc934a54cbfa03d31e0f8b75b05ce62eed2e1876af007c2c932d3faa8f8c871dbcd94ee489d593bbff77b5fbd83fff7df91e00a1f7f2b0a22ae66e431d46317bf76b63984e447bba06bd0df0aa1b52b5780f3b9cd4f25cd5253c88230403ce0c76368f91da93ad6cad588522258308db18e1587cb80418f4cfaaa4c2117844b2c13aab36022a2d2d69a0e6fe946a62b7ca7adb6490cc6ccbaa094b9e136e0b17045bf844ffb5c23d8af78b8453c5c27d1cb547bbdd152578277d658ef191b933c024b85f3861533a1dfde1a86a272044831128676b6db3946f0775712f44eca437a9da07b7b748d3ddf6b18651e336c66e63a898922610521132f1822a8497d82b9f9104a071e3936bdec68428ec9c391da178c6065847afa434cb49c9eee00028102343e34b9e747c10fe5f0ccda2566dafda874466a8a7c0b329742468857d2933e317d1ae57ba2bd44c65fce41bf3cdaf7af64a55dfc03843c1587f3003127128b48d183a64e920a07289e00554e6298f1ceb70e605e8e1e859e170d849e092d4ed0270217b62db28116da1d07b11c91cf8d790ca947dd4a4f7cf609cb7b29b1866c08ff5a38448632191bac7a87ed4da1366c0a003aa4968c4444b1fbd482734fcfb3bc7b2bef2fffa2f6ac59f3ecf4288679d92f8ec62f661c9e0f532a593b4902653a6b8f4c8680c83d8b964c75fd290c0aa380820af50fce3a8da55221b84bc18f6fc942195a81bbee4e9c1c586d5ce3354b1e1a81dac05897a38000fabd26fd4586a58f922e3cebc2311c7d1bda974b9342307447943ee93428ea98924be64c46ae6c86c91a625b79859bd2c570da81d02cdc571103472e3aca0342139c3857d43d7c1a671dbe90a0e7cd160b10db2e41a8de0e0f15458b259d90b474b6585c0e5bf53b5c31d2bd0dc77b7cff1d180bc6c194638d8c12de262ecac62a9204e8f195124e16bbdfeefafbea8d236b35dc58ee0c8edf4b6bb9a7d64bc98f5c2a3d06fb9808f8b6c09ddfc98a28a317163da8f6787144c98413e13c6c2ddab7673c6851b2e512f0d7080be2905b2423c4084da6597bd81e1208f3bf07b98b402049d4c0dd97b0e502a2547804f9b226430a6acbd6be8b86b8292b635b5e3ce221981b59b364681c88b6e0a832e08b544cd713c8d7328619c11cc96f664eb76813bc0846f9fd08dbf68b2073b05a091f7619f00f36bb04c1e0bc21d451bce743687b8072bea9852f99c6b0b462f6aeb6d66f0d2a37033a98c3728c670715650785e6a89ee376bdbe9cd0a836bd2a4b7aed463579681db46a434958ebb7c54e1304a5d3521f4512bc2126443923fa97da700e10529dc99d7cef5ae5dc498838bee15eec5bda75c9c35616482e35871e828d27a8fcd97338524deabdaedabb4fca3e7c6a00d9b0e89228df3eee8c1aaa530e888c9dcd803ec6f4735e57385bc24d14a8d9c9a51b88f1a30cde5e5f5a9eaa84ccec591cea09bba5f06616e376673d58d126ed7b1b988a9eb8bf1ae518370451d1f0f8e194b5182c90802456f52bb65cddf7891bd581f857b1db3c0d87dafc3685d54d40e9611512176dc75506a4d7795b85b1e549e8b354b12431efe70b812d54b9b7c585cae0489e52e3a58f3b2068f1dd829c9d469a6511b0c7a391e804a90e5d3a85ea13a1e87a9d7a64ed60a8ddc0644d5c9a8909c0a7752b73766dbac5ab0f3af2113ca5d1048abaef38b41983df83b3665c0912c35f1d6c1e3b8788d5bcc8961ad8aeb76bd3d9284e6220a9f5ebb9f7aed2e653bfdfaf9faf3e71bff2239cd89f35f8942536e8560ba0577d3d30938a36d582b9ecd2f1586f925b2731345c65bf0f84be41138aace1b4dd9ba0a56eee2e84a39960543d70ebd55e10df7829ebcea4459beaa9aee7fa3180a059f64c42ae00223152fd4ee1cae00d22ba9127604de81963419cf9469103585b063b260e866e4aec1687169f36672ce44b773f85868636a45f318c6d61f4b24f47cdcb1b58c214cf2e38f26b9c1c6d2fc7eca459513007a5078c11db6c4159d36308491367b0f0709936905a227d3c7d0905bcc4391caafd5cce4d2f92a2739b5a8a471626dccfc6efe8f32ab60b864b7c27d7cf2c88b1eed696bba7b32ab17ee904c52a584d92ffa5465a7a709094a31d02aa87b618634617af720f1684c199759e7dad3f3da3df5590d9664bf9b9765602503b3223c6aa96547b088c97877a04425239215d0525de9ee02a132e72aa4ed104acea292bf9d3aeed6cb92eeb956ed2a925993df2bd84c8340c9740b5aee640c65a26195497c82e96eb2aa3d84a14e9075dc535ff638c8e8f60a8abe9ca795317f77a0efc3d6b0f3daa5d094811c8b1d77af189dcf3095ee267657757bd184c831f82a411cb83fff6b9c861b35532c57b35e04afcc427dd3d8392bdcb368dde02e10558fd271673440b5423dae4eda83b2ddb1051758ba98d75b633c1eb3548515639979654e2e8e6a3288b8ca2176c7ea0796a1921c5d77ef2bc6b3d3d46e0f761808269012327c06129f91f515fb26b391cc9d5edafe7ef53abe8698d9d1cb94554f718df6fba61664f539684dc31af8cdd0fff19a560b4b0581f7d459f5175857091b1172d62c811c06cd0492ce4b2a589e83283d46e0fc4c18d538f314be94f69bd01f912275eaf843b9a3d98b349858b887a27dfcc9df126db71797b6abbe7d625581b1d3f5afeae839bb2ba1e97bd49aa2a1510e829ca02a36866659556a74c310c00303d0c5cb27997f788534ada0be14d689b7bb99de5d29d86ad3d1112598221341d4776b3741338890238eb498527dfb55d0eafd9f14b744f6c4e570580fc7c380c98c61831f476127de896d120413a0dc6987f8db3ac44d6556629a201e466dc12829bef5d676dc0e2a1194d0a8f3f9cbd7d3d7f72ffde3edf56bffdf97afaf3f7ff4f29d3e5e5fa97e877a2a277ad08d654c994f8493b357d02296978733812b9e7efc143012da00a2a520f90a42f9862538f383267e543be0f685a81fab2a5c117c6cb1df4b38e9879228f291c71101719fec0ddad81e8ef8d185060896175914b86a97c25db2174b9e4a0e236331b640889499f4db5e77e9386f303b24df625060bcb034b56644915b2ed746753bdd1645223320f963266a3a42d8de9365c77d3e9962e9257bd4500ea1be80d1ca60174110f1bb6011b2a7a1dc9fca60b927921bcf3a36556241c6631169ce14691458e2611af39323ad56c47baa156bd68fb73226b20fe915bfdd9ba2265159f0c1bf03e99c80e266ddda40c863c0c314f0efeffdc51023d92c5f316adc31c62142588882b4e40eb43b29c660b888d0cbc512e4b44533835234078ecc35eb09aae4a6a4ccb514128ba13050f6053a071c60df8987bd08172dbb60a014c007e8a1fe0fe18b8e2ed6ab2216b9569d0f7f6ac4a6d9147a81557e37aaccb0a23a7d2f697a4a8c4105eb3524b209ec4294f0576cc71d3706f75c98f98c867befdc10e3e104568b007670e006dea34d6348bf0e6f5006419714319c4ea14e590a62195384d287a2bc5b292ddabb954983bb6350da49211ea34a3e4b345755b4914c8252bb0b4038091c2416898b7e4af5284da047cd7bd098afcb207f8ceb4924fff2135ef95842e1f18023052c436b5c59888058ee046583fd0ed519b0065abde74e1d3ecef0dc60f2e20d9ddc78fc1a38f6dc56a77296c12554bbd756174ead595a1d94566d9706168785515bc97e4b7d77812df2db5eb612513ca3a9c56f0f8f90ebcc6dd91977c2a1230bc74b30c7dd492b688d63699bf48495be51b5495682af37bc95093334645238e98201ca2c618f5aa4fc7b68b507f0fa784f54e36e1e7709a180102854ad6ae76fb9a8a266dc14018181aa65928019e482a62f688dc24f359d83ebfe859d076d9c9747e1ae876590d0e9c37290f4ba5ec1c3a269d07213f7af1f010da227a966feeed7d3c265dea2f9e85cec5b944135ff936f786d6ab7331d9d7432dbc646a5e5c83a995ebbfb52ee279f5a2bdc6d1126f832c2be20f19bc9d13f39ca20351fe5f6c10c38a216fcc26c8c83cd1e1faf8f4f170e037d79faf2f2f285ffffe5e50be5bc3e3e3d1c1f7e1c388b5baeb22b23c9bde456ec5024fa8ac0c4a6b29e8889bb50ad10843aaa77cc38d8b2739c194ac4a178bb8d095463522a2673aacb58ac5e1f1d77c4b2dbc7f6742bf0e7ed7190f153da40eb9611bb0dc511d7fcad350aa35f7048ed775bc7773b9483657ced9d102c00254dcdc37703efb8679eb75e083a51ee1784f30b17715e91d5439889e942449c31c533ba1983714d732af5fdac3ec00a43e938bfd6098102bd01bdb931113e267efdeedeb937a272593bccf754dcab0d4cc8bd99d6420c5810e78c057b0488a73226e0535ce5320a692f5fc6d16c5321a7dabf2ce6c07f200f78b273165aaedf30ba07bb6a94075bc5a2e57bb2a866bf544c3c28a1eb06fee6e2686e07be808734c43a4e2e4bcd7a8152c76d3a5eabe85a55a6e3d8bfcaec412f5e518cb1751674e8863301a766fbb17ebb1ab7abe88c4db5ed88105c1281310f81649eacc65466b15717c673bc9e648c2c51f82eff0a3a7e86d45bf09db37a69111a804ed89f21d07847ae62ed930c614c2854807df98ee5d709eb61b9c53b8a97b243bae7ef3d628fc18d39d3e3609822e5027e38b4ad037bdbcc95aac59c49969b1b4e586de12347b01e87f9d8c02e09c8b8211c38a631236365adcb7b5dda63f7cc9873eaa64715bc04bb71ddce253e4eb7104ca0a804b6f7891fbf768483b4ac62cdd783e201a841663aac1f33c0c11d4956588f56aa114821502bc5dc66da4a0c42be6c5fb2f5a28516221a8455b4f5cc1bde80143e54d3a9ae4c9dd9e982f73a4bb01b56b88b3c06370de1425d099103bb9cb0e0d07c30e185e0eb559463f76829294e25cbc6ab5555607b1206735c89cc10bebc2c2b3b8a2747ed1e1a370976e58e99d1710f45050496637846ae5eaf2e9709faf6c0631f11a7de6e2f6ea7912c665f095d4955cd02613291e05d33471f981ebaffeb228272aeaa812a9b75eb75fc5aa5739caa9861515293ec022374fa407ac265291c82d93f4b66d1371694324c14aa4adf958d8474f528fc42eeadb80ac26c006bea4a955ebbd952af0c906733d2811beeebc1153286bbaf90c30ad2bc1a831eb3dc9d5a273c5b685bdcabf2b558893d78113ab26fc649d67ccc383c1c8f8f8f9cf0fad23fe8d7f3f30b21711efadf0b2d819efef974be526cd33642400735a05853d9f376421b329a5231805220628dd0c3b167e6453824c43967da4f30f8962135156d38c57d64ce9bf3c921c2d0ade7392fe0c4cd0ebda5e251a4c1133626d9ae9f0b648c10ad57d1ccf468d39d29c221849004bf20eece7c02fd77e0cbf00cc2482280e1b132b998a409a7a6300ef8acd0892b165788816fee98f4f3717b8ec11cb209b4692a624f3728424b4966562126b40190833cd3ac5164334c0d38489522cffa45edee317759e15e0233441718edd07096384cb61277d9621d1c466f49c7d80c0f5d42474b06c5beedfb3cc80a3ce18cbcd0ee064600bced0d773aad21745c6306b1580c5da2cb04bb684ea8f09d62980d5d61e3bdb56158c61893ea40f9f07791698de178009e8824fb7b8e6348f8aa884d10e141204b02e4f8cdf8f9f3c1533b80de985246ba6536d8198b9f9bba4917a870a78895f1105bb8c67015a2bd0f2cd84c3f38db9b1e6d29b5e6e4d248e3ac656ec6e7c6c5108ae593a9797142f8753063c7649bbc5cfe726475279e186671ce6fe21b71aaf3c3d7b8f97d3f3688f746b8f4c232a59197c26d171224e9646e1a796ffd70d466dd48644a72afcadd090341d43284bed5bcc1de24d2dbb4c6e4bb90e903d952b14b8cd63a9b3a3acda5280193197dba7971d7adcc848b2b066ffd6838ed232287187bc76b74c18cf5f6ece7705b59e85324fb41620fb855c50c9f909ad46ee4569d8c56ce9c43bba927725178f878d1c3cc6bcc8537b3626978356ee8a4ef26dce3c1cd89e9b5108c98a39e851ca733ab50ea5cb843a8b7c0434fbd2339d68cc122b06e941266866212d381df531873e19e611d777aedfbbe7b8e859b7fda20952930563b2bea9758fb0feabf6405839b9485c531501d7c3bc895e96507e79073eb9d429458efd196249373859f51be7835e4240bf2efafd274670f06df72bd64bfb6ad6e1c434f7276092be3eba91681b1ca7bb3f9511770c434f99e64553b77db3fcfe7cfcbf974bd9efba95f5ea875a9747630994cce5c9a46ee3910e5ae4c17cabdda1df7bda4e8fe9ac4a8250a3e8af552c7d97c45caeb2679cfdacbf44762583e3dd1c723137158f2a32fe9f2be2ea75ebb13ae9e820f86de39050027447b99f8e349c33b3696215cc6c96ca5c53d16805f21cab26ad3571770210b04c0e3d8f400cb1ccfe176acd0d22ff308a004e3f82859c239d281c18065d752d3754cde863a8c4e25d3d182073baa0907a463f4c2adaef61f2eb3624d872f3b5f019cf309670c1bcf77075565906d209f5b4287c8acba1806e2230e86f47d2504276196233b4dc22e233aca2cc96335c223d8dc5b344d7367de8610c3fb9b3b6a421945e8413c31cb722407bd7d67066db20309d3e28e5ef48ab736d6c3f3301543d95a1c414ebd7d4e0f0143b987957b54f78eb1b1e6fd6f6af766098183ac111291cb0494cc1996a3e35e4dbfd606102aef23e832179b4169b0894d37258f23509906e50c4616fdc0ab6877289fcaa31a348c2c83e93d2d0a83500e8eba9b274630828c3ce57b115bbfd5851bcdba5980b970a692369dee584d64dc2bc476f9cc1ae0effa138afa93a498b040e8fa4d74a884c62c935e293507e2352d87ade03cf5312b00dc033ae2c473847b190aae821b56bc3b7716fe9e2459766bf43d750f96907589a836e7a05329cd2ddd65cc0ab7e157bca90a9ad48a56b8d38ab7a1a6cedb7a375e533438db080cd5e1fe9885c0a09922e4e799345c89681a0fa4f366afcb166050ea5882ed10a084b72360b29482deffbc16a584a66d7048eb60f287e14c0d3740b8cd82d3dd8571940953672606b8618a1876866b5096849f90dbed4d9aee68c053eeb537fe7db301546a17e88b61a664548082cc52341daba0421450cefdd10365ae855cca86f0e10ad1e412e151334f31ba7932070870c7b90fac82919da95aa3b1b08ff8a350a739eb28a865eec01e211d8fc28f318729c9a4b00e41d58ed65f8cda6e034539620d028d2f510644ebc5715358a5ce05b8c96ddf82dcd8dc8f04daed78db0b0484c83908bd46e56af56a7d650bbfdc8172fb6f9c39df4b4df9f7458456f42564755e465551352d47dc2512b85dc3653d10900467b96812e9a9ffa3ff6bbfacd87c54868831ea1dcb7d3e0ae21d26dbef7e4d3d9a5d9ef50cadde27748513660c25c0c135a30a5e26060739804868377fd05f2d6f6fcbe70750402c6c72ad0e666cd6cbe02e45dba95c0898da38ba444d52993c7d0d2348c8989220b7d07aa4455e42509c6391d53a840be5d083d1ea4b0a6a2f5331a4c2a8963f238011704057927d27e16bfaa652a994f384e39d861c9d8f5e200d64cc47b053bccfc29d09ace4adbdc8de7383e140a48e85a8808d1e6b44bce5081f9c2227679e7a15580e06c42426dad0e8e2e9662d58df31b10081001766963590899c1fad60aaddc3b467be65ca8cb68ccec014250d19cf1118803e, 29, 0, 0);
INSERT INTO `restaurant` (`restaurant_id`, `restaurant_name`, `restaurant_street`, `restaurant_number`, `restaurant_postalCode`, `restaurant_city`, `restaurant_type`, `restaurant_email`, `restaurant_website`, `restaurant_photoname`, `restaurant_photo`, `owner_id`, `menu_id`, `openingHours_id`) VALUES
(26, 'dslmfk', 'mdfgk', 7887, 8154, 'lskdjf', '', 'rr@bikemen.nl', 'www.hallo.com', '', 0x89504e470d0a1a0a0000000d4948445200000073000000730806000000ab433de60000001974455874536f6674776172650041646f626520496d616765526561647971c9653c000003164944415478daec9d3d6fd3401880eda40363d818b374adfa0f2053952dd933241b5b13b1b0d18e0c11cdc4d84462274c0816fc130c3383f907fe07f0becda9036d1ce7fc75e73e8f6459aadbabee7d747eef2e7797200000000000000000000000006bc22a0a5d4e867db95dca754e881f10cbb57af3e96be2bc4c113995db2dce3249e55a88d0759985764b163997db475c1de4995ca38bb3d33fdf7ffd8e9d932922b535bec5d351a8d0508446cebc668dc8296eac59cb2b77d6a84c91d833f971848fe685860545fea0c75a2afaba1d8bd4b4369988ac7ce832b0111a5a883c37227bc4dd2da121229d1e8baad0dc4397ce11224788ac95bb54661a507932cdacce6744362634d76821cc2992e9b9e6991d9afeeb1c10f90191ce706b1ad65eba192255e26b62e81499d37f6186c829b1739647678b422603da233444a4d76c4dc728bdef0021d2df1c6abced3a4088f49e17d229ea49a7e89bb6cc7788f49eb94e2ca8cc39b168c738b4430c5a430f992d0299c8046402320199c804640232a16c9929616805a9ca5c118756b0eaea7a928bb3d37ec027273ea3ab0e16770bba44e817ddf8691ee84650d6c7ba4f12ec361abd1791d7fa83070bba9693e155b0fb8cf328a4c090f8da2131ff6bf167d712f32b7ab30c4d0099501b270de701ddb2163db1fc974a9d9fd332dd17f92ac7af553652402639139009c8046422139009c8046402329109c8046402320199c804640232c11f9971cbe2193f5999b65ff9e02a4dd787d76cfda43eca8c9aaa54c32405e3e2a4cc55c1e7beb229f8dc3d99923ff42cd49b3d8fd7ff6f7a6951ded47aadf73cbe3171f12f67ea9e41b90d8cd4c854725cc637d2392e54eb3736f58d4cfd07261e95715243c5a22af384c342b5056eebfc9ff4669934006402320199c8046402320199804c6482d7325f12165a2620139009b96472cc778b64feb4282726948588ab929920d30b99691e995b8b57ed061f85d858885c1f946956650f8e103a6bdb31a37563e2373b42e4e2b1d5f37bcf555f4e86fd6077567b3fa3d01522cbc31c717a19ec3fc65453a09ecd9e102d000000000000000000008092f927c000b612ed7f138039d00000000049454e44ae426082, 29, 0, 0),
(27, 'giovanni', 'van landeghemplein', 7887, 2830, 'Willebroek', '', 'kimberlygs@hotmail.be', 'giovani.be', '', 0x89504e470d0a1a0a0000000d4948445200000073000000730806000000ab433de60000001974455874536f6674776172650041646f626520496d616765526561647971c9653c00000ae24944415478daec9dbf72db3618c041267bd5278832e4ae532a6fdd2c4db97689b4f7cee21358ba3e80ec07e8497e02c977dd252f1db298d9ba99c9d4bb0e559ea0cad64e2d3ff7a302c30009800001d0fcee788a2d4722f1e3f717c0c788042a3ffff8432f7f19e001ff3ec5b78a9f6524cb8f437eecf3e313fe9cfdf4cbaffb10c7240a085e3f7f19223478ed5bfcba03827d9f1f690e37ed60d60708d0dee6c7d8323c19b800f4263f7639dc4307535e03cf3d0058261b009b43dd7530f910a7f9cb199ad050047ceb757eac7cd0d6c831400854a6a8897d12ae00c82bd05897c153e45813970a916748509d686ae400e21821f6497b05405ee64057ad848981cd3a309f585720bd993795da440d819ce52f8b9699541559a1a61e8285f944b5b12cf29de440335b5f105bf68d771dc8a3c08d7d87562a1ccdcc4f18029c59c7afb4e830376d7623c3107b6856c71d2fa9e0686412686418e42df97fd6a213f9146664ca8fc686400e3a905a72af00387eee359302d9ebd8b8d5d0b803692cedd8b9d6d0b8064838816d07f25eab2608d4a9c98d6b80bc2572f555b848a8808cd09480693fc19f137c2f0b18e608af716ad0876a2948a409f356b21830972d3663b50806e48c8453844ff2ebdb288c87d5b425d200295b10b8bf50cd9b05a02e3c875a80e48d476a405b616e34b16666719065405eea820481ff9b1f2f41b3d127f9262b04c91b0f38f791815862aa5afa8b14408296dc499c240cfe4b53950d0fab4af71a2388e433f4a1633c671372229bb2a868a66ce46a74f51a7c567e4c504b5d4b8a208b1b8c07126efaa52010d491ad6c40144b6ac7854275e7c6c628622075e2d0ec66988210043960937ec14d5fbc77a5f9bd7d8c1feac34473b250bc6862096871f7370d745f449778638f39d59b03426683b604c7e4bcc6f7cf700d716dcd5c2a0ef8dee6a83a007a5f14409043e6c63e96e138908b88772780ac3a4eeb5a30315a1b12cfa441a034ac3e9a50368fce70227ec1796f2380bca14cb6b4b9c5cf5287894e77413c15046a3b284a1016af7459e4997d8ed640c4bbe268721120269a66f7bc2c182ad3cc99ef9518cc65771641ee285733e0e4993cc845eac2d364b80113d4649d8242afccedc5255a794ec290c482b93d163dd0d54c19587301e48c4a5db625a94b9d1c748a378ab466ce742b1832519761ed3cd408fb4545810b2a925fb37926be37632067547ab2e4a42e745a53b73ab4508159472b5d98e69521eddc51b08a99a1477926deb04b5e7ac2d1e4e2bd3d273f35aa9db12082ad73e77cebc0771e0cf8ce0c4d762174a98ece337b8c2fa4410e3826748241d48c982d494e6534b36e04eb2a95b9ae09f238e5940f3cad41c73c93039950a90babc94510957234d9849c97c2c43babae991c881cb465ed4c6be49209059236930fd6e630908fa98b00f29c89784d4b0fcf55a899a6225857331ca906481a166b26e7d47bac2f4ca888970d7836d4a4bccd35526fcb608e6d99005fd31a667a692c80c542de30a9cb8ccd33059a6c5ac6b4158c29133b367807f59b4e516a16050815e8a40c48d64cd2b0068c2f3c56a5389a6c0d68f18fe7229535200b0db3d794705742e0efd8df6fa93822655217ba30903151edb2a16b798ba9d903336bdacf0d1d68a78c493b1605240a20532a3aa7e73359c8074eead2d412d46151af8d297361e3cbd74d5144df51750da9e222a9be2075b9a020d3f3992ce4a664486ba62d0daa9cb6b19944f3ccab466569c48064a7bbe86878e928cf3ea57de6a9c52f5ae417d944cbb2b38af7f7aae7800053260f5ff3a26184ec6a4fea03cdb4bd7b6badbb4a5bd2c4ca4cd799a8dd9e53a6bc2c75695aeef9c5e86b6cdb78f8fc5b1b401526d14d54a66ef0a65831a98b899990bae3307cdea0b32ec2f5c4f0e7aa34865a932fd354ca8279e98ef3993eec4b1dc40d3b6c98ba31ada1570a2614c2f8ada9ef17acef71252f00e6570e9cb5b1ddc21a8bbbc6264cbe607d8f73cd746122e03ba18dca52d58f41d4c88240a013c5ef5fd600d9277666426ac525cf1d9f0044a1b0c0178289a2ebf29e19b8a275f7296a550fd385110314e60d13c9a8527b659fc79b8cfb517e72ff9230e5925796c312dcba02a476cb169c0999fa382031095716bcda2fa60c890a48309b68f27b12f9ecd4d70109192608373215cc7eec4b34728b265f1818595afad1c1a444b824030bea0550761d0f6b36075460f42796e6588ddcfa3e1821fbcc4aff8920409bae791b562bfceb1e8f3e09a4c7425b601234a1a94220d3ba1e4631698f4857767ca9a77630cbfde7ade4df2e490bfbfcc52dbb9e01fac832add4dd81d5c174201f2ade4f899fed683a988cccabfa0f617a326a23d098f8bb1c525536b2addd1c36bae8345312a4d2a4770b81ee0166f6d4403240e76d82f939e00bc8ca40423e59b5b2a1a2301f1ccc507d26bdedbc2c9f1c56e59f2d01fa0960ee4305593627c96cdca9cc3f11e865c030d3082ffc2f124e690b6ebe930a90a2baeba4ea69b43e4f3e57c8d73195488720c2a92cda4f12f1b28e75d59a2366ea2c187f096352c07c1f084899c745f0fad41522b5253d40a0299d67a66d0029d9d1a3d27fa2cc034adbde1f61e220f99c3c27122055964fced8d5041ced2cca7e2100ddd19a79fc85a720ab82169d8e1eebaa85d88100cd8a18828679e3294819df55e6274989ffacdc9d4601f535853bf63f8aa993de79666ae732206b76be9232cd0874e2a92bda3d82e999a9959a0131d40862ca36471200f5b1309fd13b006291ca3a0699488034d9f96a29b391c943a00fba79c6ccc9a68e7d83ca0c888e9face53f29a03ed4711f357f8cab68376c32a406c9d2be4869938df1856ba08f9e1fc383b97160466466400a9043626f5fa494ff44a01bc7401f4d0ac482c8edaa699032bbb22c768854f69f8e81ee788f1c112d1b5935a49d7ba2b6bdae897d91d2fe9302ba69182657d9e292bccab67656ce8070fce4b0a1c1524a791a2eccef44db30ca1674d9d44ea507663bea1f20ed3f1b062a5cb31457543d2e3d00d9849f14a63f2a8d3410686af17c56658fe78a2b4ecec6f3a013c547d8bbee1fa0da6a6642ec14e62b952baea3d69a20a54b860dfb4991f489422b358b85f979557cf1acea13de7dfc63ffe6f52bb833bf330072a3007248dcf6a3a3e59b7c0c3ee763f19bcc1fe77ff777fef7b0e7656ae8fb53ea2947b534b34850ebdc691b45902efd64edfc934abb4c9957a95c3656301d933a2642d54f113f570baaf84f535625917d26a9f45e93a696f23b6cc06bc47fe22afa3b43d7b051893194360e6174ab33e729d5abce71035e5919e38438effc8bf5ba26766567aa7b68747681251aa1f78054343f143c54d45759b20da5f0675320e907924b4ba4690a61e0ef34fc5a51c24b399f7947c2ea3370a0724ad0d485c1cf1d29e6e2fa301993a213a83c485302de126043262a7ed2084c0340e184a1987fd681d4cbc58dc23400b41343208dc0ec80fa01d218cc0e68ad6027d1f591d6605251ee96b4b0fb9525905a51abc93cb3aca8b0c7fc68d7b12a2f08e4c74b93208d6b26a3a517c4afa70bf822e01be7ba6dc59dc0a4aa22be16cd5d98d5b98940c7094c045ab4031d3f6190295198fdf01626051560c28c48ff8969e3a56c1bb8baf2aca9ab7af7f18fdfdfbc7e051b93fe21fe4e7199f68ddf37f0a8c9e6359393c24070346da9499d9b8e54bd85d952a8299ad4d4d509443e8c02423d47a8a145be604eaf5c68a2973099c81702a533cffd2a8003ffbfb1912fb60226475b0bb0034f008209bdf6410b838229d0d85304db04dc3d02842e2ca9ed1cf1c9c014c01da0297e41be3c154837874d3127fc8000b310e0b1f29f00030026e0502d9c2fe16f0000000049454e44ae426082, 29, 0, 0),
(28, 'Testtesttesttest', 'Emielvanderveldestraat 97', 8977, 2830, 'Willebroek', '', 'kimberlygs@hotmail.be', 'www.testtest.be', '', 0x89504e470d0a1a0a0000000d4948445200000073000000730806000000ab433de60000001974455874536f6674776172650041646f626520496d616765526561647971c9653c00000ae24944415478daec9dbf72db3618c041267bd5278832e4ae532a6fdd2c4db97689b4f7cee21358ba3e80ec07e8497e02c977dd252f1db298d9ba99c9d4bb0e559ea0cad64e2d3ff7a302c30009800001d0fcee788a2d4722f1e3f717c0c788042a3ffff8432f7f19e001ff3ec5b78a9f6524cb8f437eecf3e313fe9cfdf4cbaffb10c7240a085e3f7f19223478ed5bfcba03827d9f1f690e37ed60d60708d0dee6c7d8323c19b800f4263f7639dc4307535e03cf3d0058261b009b43dd7530f910a7f9cb199ad050047ceb757eac7cd0d6c831400854a6a8897d12ae00c82bd05897c153e45813970a916748509d686ae400e21821f6497b05405ee64057ad848981cd3a309f585720bd993795da440d819ce52f8b9699541559a1a61e8285f944b5b12cf29de440335b5f105bf68d771dc8a3c08d7d87562a1ccdcc4f18029c59c7afb4e830376d7623c3107b6856c71d2fa9e0686412686418e42df97fd6a213f9146664ca8fc686400e3a905a72af00387eee359302d9ebd8b8d5d0b803692cedd8b9d6d0b8064838816d07f25eab2608d4a9c98d6b80bc2572f555b848a8808cd09480693fc19f137c2f0b18e608af716ad0876a2948a409f356b21830972d3663b50806e48c8453844ff2ebdb288c87d5b425d200295b10b8bf50cd9b05a02e3c875a80e48d476a405b616e34b16666719065405eea820481ff9b1f2f41b3d127f9262b04c91b0f38f791815862aa5afa8b14408296dc499c240cfe4b53950d0fab4af71a2388e433f4a1633c671372229bb2a868a66ce46a74f51a7c567e4c504b5d4b8a208b1b8c07126efaa52010d491ad6c40144b6ac7854275e7c6c628622075e2d0ec66988210043960937ec14d5fbc77a5f9bd7d8c1feac34473b250bc6862096871f7370d745f449778638f39d59b03426683b604c7e4bcc6f7cf700d716dcd5c2a0ef8dee6a83a007a5f14409043e6c63e96e138908b88772780ac3a4eeb5a30315a1b12cfa441a034ac3e9a50368fce70227ec1796f2380bca14cb6b4b9c5cf5287894e77413c15046a3b284a1016af7459e4997d8ed640c4bbe268721120269a66f7bc2c182ad3cc99ef9518cc65771641ee285733e0e4993cc845eac2d364b80113d4649d8242afccedc5255a794ec290c482b93d163dd0d54c19587301e48c4a5db625a94b9d1c748a378ab466ce742b1832519761ed3cd408fb4545810b2a925fb37926be37632067547ab2e4a42e745a53b73ab4508159472b5d98e69521eddc51b08a99a1477926deb04b5e7ac2d1e4e2bd3d273f35aa9db12082ad73e77cebc0771e0cf8ce0c4d762174a98ece337b8c2fa4410e3826748241d48c982d494e6534b36e04eb2a95b9ae09f238e5940f3cad41c73c93039950a90babc94510957234d9849c97c2c43babae991c881cb465ed4c6be49209059236930fd6e630908fa98b00f29c89784d4b0fcf55a899a6225857331ca906481a166b26e7d47bac2f4ca888970d7836d4a4bccd35526fcb608e6d99005fd31a667a692c80c542de30a9cb8ccd33059a6c5ac6b4158c29133b367807f59b4e516a16050815e8a40c48d64cd2b0068c2f3c56a5389a6c0d68f18fe7229535200b0db3d794705742e0efd8df6fa93822655217ba30903151edb2a16b798ba9d903336bdacf0d1d68a78c493b1605240a20532a3aa7e73359c8074eead2d412d46151af8d297361e3cbd74d5144df51750da9e222a9be2075b9a020d3f3992ce4a664486ba62d0daa9cb6b19944f3ccab466569c48064a7bbe86878e928cf3ea57de6a9c52f5ae417d944cbb2b38af7f7aae7800053260f5ff3a26184ec6a4fea03cdb4bd7b6badbb4a5bd2c4ca4cd799a8dd9e53a6bc2c75695aeef9c5e86b6cdb78f8fc5b1b401526d14d54a66ef0a65831a98b899990bae3307cdea0b32ec2f5c4f0e7aa34865a932fd354ca8279e98ef3993eec4b1dc40d3b6c98ba31ada1570a2614c2f8ada9ef17acef71252f00e6570e9cb5b1ddc21a8bbbc6264cbe607d8f73cd746122e03ba18dca52d58f41d4c88240a013c5ef5fd600d9277666426ac525cf1d9f0044a1b0c0178289a2ebf29e19b8a275f7296a550fd385110314e60d13c9a8527b659fc79b8cfb517e72ff9230e5925796c312dcba02a476cb169c0999fa382031095716bcda2fa60c890a48309b68f27b12f9ecd4d70109192608373215cc7eec4b34728b265f1818595afad1c1a444b824030bea0550761d0f6b36075460f42796e6588ddcfa3e1821fbcc4aff8920409bae791b562bfceb1e8f3e09a4c7425b601234a1a94220d3ba1e4631698f4857767ca9a77630cbfde7ade4df2e490bfbfcc52dbb9e01fac832add4dd81d5c174201f2ade4f899fed683a988cccabfa0f617a326a23d098f8bb1c525536b2addd1c36bae8345312a4d2a4770b81ee0166f6d4403240e76d82f939e00bc8ca40423e59b5b2a1a2301f1ccc507d26bdedbc2c9f1c56e59f2d01fa0960ee4305593627c96cdca9cc3f11e865c030d3082ffc2f124e690b6ebe930a90a2baeba4ea69b43e4f3e57c8d73195488720c2a92cda4f12f1b28e75d59a2366ea2c187f096352c07c1f084899c745f0fad41522b5253d40a0299d67a66d0029d9d1a3d27fa2cc034adbde1f61e220f99c3c27122055964fced8d5041ced2cca7e2100ddd19a79fc85a720ab82169d8e1eebaa85d88100cd8a18828679e3294819df55e6274989ffacdc9d4601f535853bf63f8aa993de79666ae732206b76be9232cd0874e2a92bda3d82e999a9959a0131d40862ca36471200f5b1309fd13b006291ca3a0699488034d9f96a29b391c943a00fba79c6ccc9a68e7d83ca0c888e9face53f29a03ed4711f357f8cab68376c32a406c9d2be4869938df1856ba08f9e1fc383b97160466466400a9043626f5fa494ff44a01bc7401f4d0ac482c8edaa699032bbb22c768854f69f8e81ee788f1c112d1b5935a49d7ba2b6bdae897d91d2fe9302ba69182657d9e292bccab67656ce8070fce4b0a1c1524a791a2eccef44db30ca1674d9d44ea507663bea1f20ed3f1b062a5cb31457543d2e3d00d9849f14a63f2a8d3410686af17c56658fe78a2b4ecec6f3a013c547d8bbee1fa0da6a6642ec14e62b952baea3d69a20a54b860dfb4991f489422b358b85f979557cf1acea13de7dfc63ffe6f52bb833bf330072a3007248dcf6a3a3e59b7c0c3ee763f19bcc1fe77ff777fef7b0e7656ae8fb53ea2947b534b34850ebdc691b45902efd64edfc934abb4c9957a95c3656301d933a2642d54f113f570baaf84f535625917d26a9f45e93a696f23b6cc06bc47fe22afa3b43d7b051893194360e6174ab33e729d5abce71035e5919e38438effc8bf5ba26766567aa7b68747681251aa1f78054343f143c54d45759b20da5f0675320e907924b4ba4690a61e0ef34fc5a51c24b399f7947c2ea3370a0724ad0d485c1cf1d29e6e2fa301993a213a83c485302de126043262a7ed2084c0340e184a1987fd681d4cbc58dc23400b41343208dc0ec80fa01d218cc0e68ad6027d1f591d6605251ee96b4b0fb9525905a51abc93cb3aca8b0c7fc68d7b12a2f08e4c74b93208d6b26a3a517c4afa70bf822e01be7ba6dc59dc0a4aa22be16cd5d98d5b98940c7094c045ab4031d3f6190295198fdf01626051560c28c48ff8969e3a56c1bb8baf2aca9ab7af7f18fdfdfbc7e051b93fe21fe4e7199f68ddf37f0a8c9e6359393c24070346da9499d9b8e54bd85d952a8299ad4d4d509443e8c02423d47a8a145be604eaf5c68a2973099c81702a533cffd2a8003ffbfb1912fb60226475b0bb0034f008209bdf6410b838229d0d85304db04dc3d02842e2ca9ed1cf1c9c014c01da0297e41be3c154837874d3127fc8000b310e0b1f29f00030026e0502d9c2fe16f0000000049454e44ae426082, 29, 0, 0),
(29, 'TypeRestaurant', 'Emielvanderveldestraat 97', 7878, 2830, 'Willebroek', 'fastfood', 'kimberlygs@hotmail.be', 'www.kimberly.be', '', 0x89504e470d0a1a0a0000000d4948445200000073000000730806000000ab433de60000001974455874536f6674776172650041646f626520496d616765526561647971c9653c000006d24944415478daec9d316e2b371086b9eb14297583e8150652d97297ce566520cd93fb00924e6019ef008a0ef060eb049680d74b6e52b8f1a64b27d9ad0b6f6eb04708471a251b3fcb2b5943ce909a01080906bce2f2e34f0ec921991821f6f5b75f6bf6a361d3994d3fd9542fa5f7acb0698e9f8ff87dfee5db1fb9d9334b980102b8cf08b041fc78809bd974079ffb00376102d8b6a96553cde34f8362c7368d2cd84261eed684766cbadca0d9f461239b8616ea5c616e0e11c0f51954b8a941333cb0503385f9be1201622f907298da74157abf9a3a0009005f020269b0e578b179ff5d95b98408dee8ad03afd4b7813a2f42ec4f534235ce220069d0419b85a8d26447883554632bd2a11bf4a5dd508632c98e201f225163d5f8f42204e728f920c80682ac99fd305066537a3f9a28c87880260a321ea0c916206be8b1d6cd7e1b003d91d887a65b807c50900b83b29860990439cebcde03af751b5b4d9088b2830d54d9b11f1206d0d0bcfd65963334a08a1f99f3f3f3f9d16172fff49c05d167e2aac78cc1e181c13a440d4041cdd70dda4bd109904ecd7291db775e9b52565daa603e6001f90238b60533dde52136cf301b05d10b1d4ff9ced1212ac4c2c4429978c8c3c82cd71449bd436c5500e8a507b5ded8fc5f8984e96918024d53d7b58b5f5a2077add413eef1e70f6bfede7308b24088531f2f8895a56ba18eb1a571a552f0f89ba29489aa7c71f4d2ac93d6f86e13877e00ab3394ae51a50b90537c59b6991370526c6a623fedc2fa6294e9509510ded89534c0b6ef7aeba81f6553e76b65761c80cca4814495761d29f4524a334b9d91451f69841a02a576c45ae841f3c1c44873ca4cacbc56e921175dac74c1abb3accc36f1b3072144b86165a3ee065adc30293300fde48d09c4b0d20d081f59c7857cff3071ea8ed2f1b932e1d90d760d54d6e652e667e261487001c4d8dc5256c2332e98943f3c30819a053a225467c37734428a6e3495171bc3a6d661a8ea04655276d46313be514e24344286390d9d24b62c547dfeb16f98543f9845b4bdfc8e6a88e21b265527fda789c7b27d6f66b38860920dad7c7ab494cacc632189dd45119a3a53c202c84d5cb69f3ba7d5e282996b51c603b3d0a28c07a66e2ad23e534d244c89fb15f7adb549431c4fb936ac982495d367d8654a389e3a5355c6a3cce388605255cccc37cc4755e67746154653f88649d5ccd630302cf4feb24ed8cc3e860a93b246735a87f0597e9b599c20a76a0e3a5ca1f98446192239f7ad4cea1ad40f95229eac425519e7be232f5630ef089f19a43a4b479107d9c4ba5226d87580c2a4defaef3d523129d54cea939c2f7c9d5b40a04a78ef19e12373fbee9fb8940936247ef66d08f3b5a5d3ac298da512a70e33b03a3c51bab9381770c80a133daf11f1f31b7876805455f60cfdb9066c5b34520f35aa2311280e435c386a43ae777aeb1c2057e7e589397104afb970311e66717c56f6d6095d0347303be83536b9b631a0b3736ddc1dbdc6ba9d71ddd9792e4fb32c70d8927906e9fa46a40c0f8c3292940906cde18ba3df5c78b9b670bd5ca6866aec19f7d38cec9b8c13867ee5b54ac161b8a16e7a11620b9b551fe35df6532d938ac2f0795b020c8bc6bb36bfd89cb68d9bd3c6aa2a26eb3519c9060533f39ca7022730608be0bcaa704a8bc9a7a8c4bae1b52e9e8d200ba6c7e6b6d2e537df6f81a819b981572c4037baa4c6029d98786fe28b06e8a641d02ece978bdd6e71964996324b7d13c7b518aa506265ae36d3368deef812ab50bd723122856ebd7108870aaad08f29b4274a99affad089d1bd99db9ab3d5238a0bc45d5e2da1407dc11436b1b0f74013aa07e119efb0c454574e3c400fa81e74fff49c9f1f1d42ac28dc6bf98b72dac81ab6cceab6ecee4429f38de1cb75407de9ea8cf63e934347a2d0c4650eb1e9ed0b869a9be52d0fa39243f7102ad0c4472e0542cd1062b6c643e702ba18c37f74a13ef199d3d205a56d0647095408eba4c3aa50955081265cd2c07e1596d54e1d2a768e2a1c6f1b0110225036986b9a6228b863542d7caf6d5900a0b8ca8bc7039914d91aa818981505ba4e1d858f981b87d7339202150f5350a5120f546146045461460454618605f4ddd85c8519115085191150851911503d097a47c3c9718ecb5f57bbe91aaa4c7a85823a39b6fbffebe5aa32e9143a32f417916f62a0cc9e2a331e8542fff94995198742171b8b0fb4f8e9edfee9797e7e74f8b7f1bc734e95198f426b0a3322a00ad31fd04261c603d4f566ab5c61fa03ea7af7dca3c28c07e85461c601740ae1a30a330ea0037580e2003a582d83e9dc2cb3e11216c4e6d63ff0efffdb9fa2ca94a1d013b3dd19f9a0e6eeeb8d46aa4c592a3d33ef6fb0cacdf2be94374f01559832a1c22a48c7fcb73d03c06555d1fbff083000eafccad3bf5b23610000000049454e44ae426082, 29, 0, 0),
(30, 'nieuwetest', 'Em van der velde straat', 98, 2830, 'Willebroek', 'foodtruck', 'kimberlygs@hotmail.be', 'www.kimberly.be', '', '', 29, 0, 0);

-- --------------------------------------------------------

--
-- Tabelstructuur voor tabel `restaurateur`
--

CREATE TABLE IF NOT EXISTS `restaurateur` (
  `owner_id` int(11) NOT NULL AUTO_INCREMENT,
  `owner_name` varchar(255) NOT NULL,
  `owner_email` varchar(255) NOT NULL,
  `owner_password` varchar(255) NOT NULL,
  PRIMARY KEY (`owner_id`)
) ENGINE=InnoDB  DEFAULT CHARSET=latin1 AUTO_INCREMENT=30 ;

--
-- Gegevens worden uitgevoerd voor tabel `restaurateur`
--

INSERT INTO `restaurateur` (`owner_id`, `owner_name`, `owner_email`, `owner_password`) VALUES
(25, 'Kristof', 'krisvanespen@hotmail.com', 'b6a460f0cad54e15bb99c45276125e09'),
(26, 'Kristof', 'kristof@creativebrain.be', 'b6a460f0cad54e15bb99c45276125e09'),
(27, '4wrabdzf', 'creativesurename@gmail.com', 'b6a460f0cad54e15bb99c45276125e09'),
(28, '4wrabdzf', 'qwert@test.be', 'b6a460f0cad54e15bb99c45276125e09'),
(29, 'kimberly', 'kimberlygs@hotmail.be', '3111763bd5af2593f344058679451a7b');

-- --------------------------------------------------------

--
-- Tabelstructuur voor tabel `table`
--

CREATE TABLE IF NOT EXISTS `table` (
  `table_id` int(11) NOT NULL AUTO_INCREMENT,
  `table_nr` varchar(255) NOT NULL,
  `table_persons` int(11) NOT NULL,
  `table_status` varchar(255) NOT NULL,
  `table_description` longtext NOT NULL,
  `restaurant_id` int(11) NOT NULL,
  PRIMARY KEY (`table_id`)
) ENGINE=InnoDB  DEFAULT CHARSET=latin1 AUTO_INCREMENT=9 ;

--
-- Gegevens worden uitgevoerd voor tabel `table`
--

INSERT INTO `table` (`table_id`, `table_nr`, `table_persons`, `table_status`, `table_description`, `restaurant_id`) VALUES
(1, '7', 4, 'Occupied', 'A nice view out the window', 3),
(3, '1', 6, 'Free', 'aan het raam', 23),
(5, '4', 5, 'Free', 'aan het raam', 27),
(6, '10', 9, 'Free', 'At the bar', 27),
(7, '20', 2, 'Free', 'Romantic table with candles', 27),
(8, '5', 5, 'Occupied', 'midden', 27);

/*!40101 SET CHARACTER_SET_CLIENT=@OLD_CHARACTER_SET_CLIENT */;
/*!40101 SET CHARACTER_SET_RESULTS=@OLD_CHARACTER_SET_RESULTS */;
/*!40101 SET COLLATION_CONNECTION=@OLD_COLLATION_CONNECTION */;
